Workbook

Sheet Raw data & Hourly Summary
U2: Great N Rd
B3: Job No. | E3: : NZNth13356 | S3: Wingate St | AA3: St Jude St
B4: Client | E4: : Auckland Transport
B5: Suburb | E5: : Preston Road Surveys
B6: Location | E6: : 2. Great N Rd / St Georges Rd / St Jude St / Wingate St
B8: Day/Date | E8: : Wed, 3 September 2025
B9: Weather | E9: : Fine
B10: Description | E10: : Classified Intersection Count
E11: : 15 mins Data
E12: Class 1 | G12: Class 2 | I12: Class 3 | S12: Great N Rd | X12: St Georges Rd
B13: Classifications | E13: Lights | G13: Heavies | I13: Buses
B15: Approach | E15: =S12 -> Great N Rd | Y15: =X12 -> St Georges Rd
B16: Direction | E16: Direction 1 | I16: Direction 2 | M16: Direction 3 | Q16: Direction 4 | U16: Direction 4U | Y16: Direction 5 | AC16: Direction 6 | AG16: Direction 7 | AK16: Direction 8 | AO16: Direction 8U
B17: Time Period | E17: =$E$13 -> Lights | F17: =$G$13 -> Heavies | G17: =$I$13 -> Buses | H17: Total | I17: =$E$13 -> Lights | J17: =$G$13 -> Heavies | K17: =$I$13 -> Buses | L17: Total | M17: =$E$13 -> Lights | N17: =$G$13 -> Heavies | O17: =$I$13 -> Buses | P17: Total | Q17: =$E$13 -> Lights | R17: =$G$13 -> Heavies | S17: =$I$13 -> Buses | T17: Total | U17: =$E$13 -> Lights | V17: =$G$13 -> Heavies | W17: =$I$13 -> Buses | X17: Total | Y17: =$E$13 -> Lights | Z17: =$G$13 -> Heavies | AA17: =$I$13 -> Buses | AB17: Total | AC17: =$E$13 -> Lights | AD17: =$G$13 -> Heavies | AE17: =$I$13 -> Buses | AF17: Total | AG17: =$E$13 -> Lights | AH17: =$G$13 -> Heavies | AI17: =$I$13 -> Buses | AJ17: Total | AK17: =$E$13 -> Lights | AL17: =$G$13 -> Heavies | AM17: =$I$13 -> Buses | AN17: Total | AO17: =$E$13 -> Lights | AP17: =$G$13 -> Heavies | AQ17: =$I$13 -> Buses | AR17: Total
B18: 0.25 | C18: to | D18: =SUM(0.0416667/4)+B18 -> 0.26041667 | E18: 0 | F18: 0 | G18: 0 | H18: =SUM(E18:G18) -> 0 | I18: 26 | J18: 2 | K18: 3 | L18: =SUM(I18:K18) -> 31 | M18: 53 | N18: 0 | O18: 0 | P18: =SUM(M18:O18) -> 53 | Q18: 10 | R18: 0 | S18: 0 | T18: =SUM(Q18:S18) -> 10 | U18: 0 | V18: 0 | W18: 0 | X18: =SUM(U18:W18) -> 0 | Y18: 4 | Z18: 0 | AA18: 0 | AB18: =SUM(Y18:AA18) -> 4 | AC18: 0 | AD18: 0 | AE18: 0 | AF18: =SUM(AC18:AE18) -> 0 | AG18: 21 | AH18: 0 | AI18: 0 | AJ18: =SUM(AG18:AI18) -> 21 | AK18: 3 | AL18: 0 | AM18: 0 | AN18: =SUM(AK18:AM18) -> 3 | AO18: 0 | AP18: 0 | AQ18: 0 | AR18: =SUM(AO18:AQ18) -> 0
B19: =+D18 -> 0.26041667 | C19: to | D19: =SUM(0.0416667/4)+B19 -> 0.27083335 | E19: 0 | F19: 0 | G19: 0 | H19: =SUM(E19:G19) -> 0 | I19: 29 | J19: 2 | K19: 3 | L19: =SUM(I19:K19) -> 34 | M19: 100 | N19: 2 | O19: 1 | P19: =SUM(M19:O19) -> 103 | Q19: 14 | R19: 0 | S19: 0 | T19: =SUM(Q19:S19) -> 14 | U19: 0 | V19: 0 | W19: 0 | X19: =SUM(U19:W19) -> 0 | Y19: 3 | Z19: 0 | AA19: 0 | AB19: =SUM(Y19:AA19) -> 3 | AC19: 3 | AD19: 1 | AE19: 0 | AF19: =SUM(AC19:AE19) -> 4 | AG19: 22 | AH19: 0 | AI19: 0 | AJ19: =SUM(AG19:AI19) -> 22 | AK19: 8 | AL19: 0 | AM19: 0 | AN19: =SUM(AK19:AM19) -> 8 | AO19: 0 | AP19: 0 | AQ19: 0 | AR19: =SUM(AO19:AQ19) -> 0
B20: =+D19 -> 0.27083335 | C20: to | D20: =SUM(0.0416667/4)+B20 -> 0.28125002 | E20: 3 | F20: 0 | G20: 0 | H20: =SUM(E20:G20) -> 3 | I20: 30 | J20: 0 | K20: 6 | L20: =SUM(I20:K20) -> 36 | M20: 150 | N20: 1 | O20: 0 | P20: =SUM(M20:O20) -> 151 | Q20: 6 | R20: 1 | S20: 0 | T20: =SUM(Q20:S20) -> 7 | U20: 1 | V20: 0 | W20: 0 | X20: =SUM(U20:W20) -> 1 | Y20: 3 | Z20: 0 | AA20: 0 | AB20: =SUM(Y20:AA20) -> 3 | AC20: 1 | AD20: 0 | AE20: 0 | AF20: =SUM(AC20:AE20) -> 1 | AG20: 25 | AH20: 0 | AI20: 0 | AJ20: =SUM(AG20:AI20) -> 25 | AK20: 11 | AL20: 0 | AM20: 0 | AN20: =SUM(AK20:AM20) -> 11 | AO20: 0 | AP20: 0 | AQ20: 0 | AR20: =SUM(AO20:AQ20) -> 0
B21: =+D20 -> 0.28125002 | C21: to | D21: =SUM(0.0416667/4)+B21 -> 0.2916667 | E21: 0 | F21: 0 | G21: 0 | H21: =SUM(E21:G21) -> 0 | I21: 30 | J21: 0 | K21: 5 | L21: =SUM(I21:K21) -> 35 | M21: 193 | N21: 4 | O21: 0 | P21: =SUM(M21:O21) -> 197 | Q21: 4 | R21: 0 | S21: 0 | T21: =SUM(Q21:S21) -> 4 | U21: 0 | V21: 0 | W21: 0 | X21: =SUM(U21:W21) -> 0 | Y21: 2 | Z21: 0 | AA21: 0 | AB21: =SUM(Y21:AA21) -> 2 | AC21: 2 | AD21: 0 | AE21: 0 | AF21: =SUM(AC21:AE21) -> 2 | AG21: 38 | AH21: 1 | AI21: 0 | AJ21: =SUM(AG21:AI21) -> 39 | AK21: 13 | AL21: 0 | AM21: 0 | AN21: =SUM(AK21:AM21) -> 13 | AO21: 0 | AP21: 0 | AQ21: 0 | AR21: =SUM(AO21:AQ21) -> 0
B22: =+D21 -> 0.2916667 | C22: to | D22: =SUM(0.0416667/4)+B22 -> 0.30208337 | E22: 1 | F22: 0 | G22: 0 | H22: =SUM(E22:G22) -> 1 | I22: 34 | J22: 1 | K22: 4 | L22: =SUM(I22:K22) -> 39 | M22: 183 | N22: 2 | O22: 0 | P22: =SUM(M22:O22) -> 185 | Q22: 11 | R22: 0 | S22: 0 | T22: =SUM(Q22:S22) -> 11 | U22: 0 | V22: 0 | W22: 0 | X22: =SUM(U22:W22) -> 0 | Y22: 7 | Z22: 0 | AA22: 0 | AB22: =SUM(Y22:AA22) -> 7 | AC22: 0 | AD22: 0 | AE22: 0 | AF22: =SUM(AC22:AE22) -> 0 | AG22: 33 | AH22: 0 | AI22: 0 | AJ22: =SUM(AG22:AI22) -> 33 | AK22: 15 | AL22: 0 | AM22: 0 | AN22: =SUM(AK22:AM22) -> 15 | AO22: 0 | AP22: 0 | AQ22: 0 | AR22: =SUM(AO22:AQ22) -> 0
B23: =+D22 -> 0.30208337 | C23: to | D23: =SUM(0.0416667/4)+B23 -> 0.31250005 | E23: 0 | F23: 0 | G23: 0 | H23: =SUM(E23:G23) -> 0 | I23: 38 | J23: 4 | K23: 7 | L23: =SUM(I23:K23) -> 49 | M23: 171 | N23: 2 | O23: 0 | P23: =SUM(M23:O23) -> 173 | Q23: 11 | R23: 1 | S23: 0 | T23: =SUM(Q23:S23) -> 12 | U23: 1 | V23: 0 | W23: 0 | X23: =SUM(U23:W23) -> 1 | Y23: 10 | Z23: 0 | AA23: 0 | AB23: =SUM(Y23:AA23) -> 10 | AC23: 3 | AD23: 0 | AE23: 0 | AF23: =SUM(AC23:AE23) -> 3 | AG23: 45 | AH23: 3 | AI23: 0 | AJ23: =SUM(AG23:AI23) -> 48 | AK23: 22 | AL23: 0 | AM23: 0 | AN23: =SUM(AK23:AM23) -> 22 | AO23: 0 | AP23: 0 | AQ23: 0 | AR23: =SUM(AO23:AQ23) -> 0
B24: =+D23 -> 0.31250005 | C24: to | D24: =SUM(0.0416667/4)+B24 -> 0.32291672 | E24: 1 | F24: 0 | G24: 0 | H24: =SUM(E24:G24) -> 1 | I24: 40 | J24: 1 | K24: 7 | L24: =SUM(I24:K24) -> 48 | M24: 161 | N24: 0 | O24: 0 | P24: =SUM(M24:O24) -> 161 | Q24: 14 | R24: 0 | S24: 0 | T24: =SUM(Q24:S24) -> 14 | U24: 1 | V24: 0 | W24: 0 | X24: =SUM(U24:W24) -> 1 | Y24: 7 | Z24: 0 | AA24: 0 | AB24: =SUM(Y24:AA24) -> 7 | AC24: 1 | AD24: 0 | AE24: 0 | AF24: =SUM(AC24:AE24) -> 1 | AG24: 51 | AH24: 1 | AI24: 0 | AJ24: =SUM(AG24:AI24) -> 52 | AK24: 33 | AL24: 0 | AM24: 0 | AN24: =SUM(AK24:AM24) -> 33 | AO24: 0 | AP24: 0 | AQ24: 0 | AR24: =SUM(AO24:AQ24) -> 0
B25: =+D24 -> 0.32291672 | C25: to | D25: =SUM(0.0416667/4)+B25 -> 0.3333334 | E25: 0 | F25: 0 | G25: 0 | H25: =SUM(E25:G25) -> 0 | I25: 36 | J25: 0 | K25: 6 | L25: =SUM(I25:K25) -> 42 | M25: 142 | N25: 0 | O25: 0 | P25: =SUM(M25:O25) -> 142 | Q25: 9 | R25: 0 | S25: 0 | T25: =SUM(Q25:S25) -> 9 | U25: 0 | V25: 0 | W25: 0 | X25: =SUM(U25:W25) -> 0 | Y25: 6 | Z25: 0 | AA25: 0 | AB25: =SUM(Y25:AA25) -> 6 | AC25: 0 | AD25: 0 | AE25: 0 | AF25: =SUM(AC25:AE25) -> 0 | AG25: 65 | AH25: 0 | AI25: 0 | AJ25: =SUM(AG25:AI25) -> 65 | AK25: 34 | AL25: 0 | AM25: 0 | AN25: =SUM(AK25:AM25) -> 34 | AO25: 1 | AP25: 0 | AQ25: 0 | AR25: =SUM(AO25:AQ25) -> 1
B26: =+D25 -> 0.3333334 | C26: to | D26: =SUM(0.0416667/4)+B26 -> 0.34375007 | E26: 0 | F26: 0 | G26: 0 | H26: =SUM(E26:G26) -> 0 | I26: 23 | J26: 1 | K26: 5 | L26: =SUM(I26:K26) -> 29 | M26: 120 | N26: 2 | O26: 0 | P26: =SUM(M26:O26) -> 122 | Q26: 12 | R26: 1 | S26: 0 | T26: =SUM(Q26:S26) -> 13 | U26: 1 | V26: 0 | W26: 0 | X26: =SUM(U26:W26) -> 1 | Y26: 15 | Z26: 0 | AA26: 0 | AB26: =SUM(Y26:AA26) -> 15 | AC26: 3 | AD26: 0 | AE26: 0 | AF26: =SUM(AC26:AE26) -> 3 | AG26: 79 | AH26: 2 | AI26: 0 | AJ26: =SUM(AG26:AI26) -> 81 | AK26: 39 | AL26: 1 | AM26: 0 | AN26: =SUM(AK26:AM26) -> 40 | AO26: 0 | AP26: 0 | AQ26: 0 | AR26: =SUM(AO26:AQ26) -> 0
B27: =+D26 -> 0.34375007 | C27: to | D27: =SUM(0.0416667/4)+B27 -> 0.35416675 | E27: 0 | F27: 0 | G27: 0 | H27: =SUM(E27:G27) -> 0 | I27: 37 | J27: 1 | K27: 6 | L27: =SUM(I27:K27) -> 44 | M27: 113 | N27: 1 | O27: 0 | P27: =SUM(M27:O27) -> 114 | Q27: 12 | R27: 1 | S27: 0 | T27: =SUM(Q27:S27) -> 13 | U27: 0 | V27: 0 | W27: 0 | X27: =SUM(U27:W27) -> 0 | Y27: 11 | Z27: 0 | AA27: 0 | AB27: =SUM(Y27:AA27) -> 11 | AC27: 4 | AD27: 0 | AE27: 0 | AF27: =SUM(AC27:AE27) -> 4 | AG27: 93 | AH27: 2 | AI27: 0 | AJ27: =SUM(AG27:AI27) -> 95 | AK27: 37 | AL27: 0 | AM27: 0 | AN27: =SUM(AK27:AM27) -> 37 | AO27: 0 | AP27: 0 | AQ27: 0 | AR27: =SUM(AO27:AQ27) -> 0
B28: =+D27 -> 0.35416675 | C28: to | D28: =SUM(0.0416667/4)+B28 -> 0.36458342 | E28: 3 | F28: 0 | G28: 0 | H28: =SUM(E28:G28) -> 3 | I28: 46 | J28: 1 | K28: 5 | L28: =SUM(I28:K28) -> 52 | M28: 110 | N28: 0 | O28: 0 | P28: =SUM(M28:O28) -> 110 | Q28: 15 | R28: 0 | S28: 0 | T28: =SUM(Q28:S28) -> 15 | U28: 0 | V28: 0 | W28: 0 | X28: =SUM(U28:W28) -> 0 | Y28: 16 | Z28: 0 | AA28: 0 | AB28: =SUM(Y28:AA28) -> 16 | AC28: 4 | AD28: 0 | AE28: 0 | AF28: =SUM(AC28:AE28) -> 4 | AG28: 72 | AH28: 1 | AI28: 0 | AJ28: =SUM(AG28:AI28) -> 73 | AK28: 36 | AL28: 0 | AM28: 0 | AN28: =SUM(AK28:AM28) -> 36 | AO28: 1 | AP28: 0 | AQ28: 0 | AR28: =SUM(AO28:AQ28) -> 1
B29: =+D28 -> 0.36458342 | C29: to | D29: =SUM(0.0416667/4)+B29 -> 0.3750001 | E29: 0 | F29: 0 | G29: 0 | H29: =SUM(E29:G29) -> 0 | I29: 46 | J29: 4 | K29: 4 | L29: =SUM(I29:K29) -> 54 | M29: 97 | N29: 2 | O29: 0 | P29: =SUM(M29:O29) -> 99 | Q29: 24 | R29: 1 | S29: 0 | T29: =SUM(Q29:S29) -> 25 | U29: 1 | V29: 0 | W29: 0 | X29: =SUM(U29:W29) -> 1 | Y29: 20 | Z29: 0 | AA29: 0 | AB29: =SUM(Y29:AA29) -> 20 | AC29: 9 | AD29: 1 | AE29: 0 | AF29: =SUM(AC29:AE29) -> 10 | AG29: 76 | AH29: 0 | AI29: 0 | AJ29: =SUM(AG29:AI29) -> 76 | AK29: 27 | AL29: 0 | AM29: 0 | AN29: =SUM(AK29:AM29) -> 27 | AO29: 0 | AP29: 0 | AQ29: 0 | AR29: =SUM(AO29:AQ29) -> 0
B30: =+D29 -> 0.3750001 | C30: to | D30: =SUM(0.0416667/4)+B30 -> 0.38541677 | E30: 0 | F30: 0 | G30: 0 | H30: =SUM(E30:G30) -> 0 | I30: 57 | J30: 2 | K30: 6 | L30: =SUM(I30:K30) -> 65 | M30: 88 | N30: 2 | O30: 0 | P30: =SUM(M30:O30) -> 90 | Q30: 17 | R30: 0 | S30: 0 | T30: =SUM(Q30:S30) -> 17 | U30: 1 | V30: 0 | W30: 0 | X30: =SUM(U30:W30) -> 1 | Y30: 15 | Z30: 3 | AA30: 0 | AB30: =SUM(Y30:AA30) -> 18 | AC30: 5 | AD30: 0 | AE30: 0 | AF30: =SUM(AC30:AE30) -> 5 | AG30: 62 | AH30: 1 | AI30: 0 | AJ30: =SUM(AG30:AI30) -> 63 | AK30: 16 | AL30: 0 | AM30: 0 | AN30: =SUM(AK30:AM30) -> 16 | AO30: 1 | AP30: 0 | AQ30: 0 | AR30: =SUM(AO30:AQ30) -> 1
... B33: =+D32 -> 0.40625012 | C33: to | D33: =SUM(0.0416667/4)+B33 -> 0.4166668 | E33: 5 | F33: 1 | G33: 0 | H33: =SUM(E33:G33) -> 6 | I33: 62 | J33: 1 | K33: 3 | L33: =SUM(I33:K33) -> 66 | M33: 62 | N33: 0 | O33: 0 | P33: =SUM(M33:O33) -> 62 | Q33: 13 | R33: 1 | S33: 0 | T33: =SUM(Q33:S33) -> 14 | U33: 0 | V33: 0 | W33: 0 | X33: =SUM(U33:W33) -> 0 | Y33: 11 | Z33: 0 | AA33: 0 | AB33: =SUM(Y33:AA33) -> 11 | AC33: 4 | AD33: 0 | AE33: 0 | AF33: =SUM(AC33:AE33) -> 4 | AG33: 38 | AH33: 1 | AI33: 0 | AJ33: =SUM(AG33:AI33) -> 39 | AK33: 16 | AL33: 0 | AM33: 0 | AN33: =SUM(AK33:AM33) -> 16 | AO33: 0 | AP33: 0 | AQ33: 0 | AR33: =SUM(AO33:AQ33) -> 0
B34: AM Totals | E34: =SUM(E18:E33) -> 21 | F34: =SUM(F18:F33) -> 1 | G34: =SUM(G18:G33) -> 0 | H34: =SUM(E34:G34) -> 22 | I34: =SUM(I18:I33) -> 633 | J34: =SUM(J18:J33) -> 22 | K34: =SUM(K18:K33) -> 79 | L34: =SUM(I34:K34) -> 734 | M34: =SUM(M18:M33) -> 1900 | N34: =SUM(N18:N33) -> 21 | O34: =SUM(O18:O33) -> 1 | P34: =SUM(M34:O34) -> 1922 | Q34: =SUM(Q18:Q33) -> 216 | R34: =SUM(R18:R33) -> 6 | S34: =SUM(S18:S33) -> 0 | T34: =SUM(Q34:S34) -> 222 | U34: =SUM(U18:U33) -> 8 | V34: =SUM(V18:V33) -> 0 | W34: =SUM(W18:W33) -> 0 | X34: =SUM(U34:W34) -> 8 | Y34: =SUM(Y18:Y33) -> 168 | Z34: =SUM(Z18:Z33) -> 4 | AA34: =SUM(AA18:AA33) -> 0 | AB34: =SUM(Y34:AA34) -> 172 | AC34: =SUM(AC18:AC33) -> 42 | AD34: =SUM(AD18:AD33) -> 2 | AE34: =SUM(AE18:AE33) -> 0 | AF34: =SUM(AC34:AE34) -> 44 | AG34: =SUM(AG18:AG33) -> 787 | AH34: =SUM(AH18:AH33) -> 18 | AI34: =SUM(AI18:AI33) -> 0 | AJ34: =SUM(AG34:AI34) -> 805 | AK34: =SUM(AK18:AK33) -> 331 | AL34: =SUM(AL18:AL33) -> 1 | AM34: =SUM(AM18:AM33) -> 0 | AN34: =SUM(AK34:AM34) -> 332 | AO34: =SUM(AO18:AO33) -> 3 | AP34: =SUM(AP18:AP33) -> 0 | AQ34: =SUM(AQ18:AQ33) -> 0 | AR34: =SUM(AO34:AQ34) -> 3
B35: 0.60416667 | C35: to | D35: =SUM(0.0416667/4)+B35 -> 0.61458334 | E35: 5 | F35: 0 | G35: 0 | H35: =SUM(E35:G35) -> 5 | I35: 58 | J35: 0 | K35: 5 | L35: =SUM(I35:K35) -> 63 | M35: 72 | N35: 2 | O35: 0 | P35: =SUM(M35:O35) -> 74 | Q35: 27 | R35: 0 | S35: 0 | T35: =SUM(Q35:S35) -> 27 | U35: 1 | V35: 0 | W35: 0 | X35: =SUM(U35:W35) -> 1 | Y35: 23 | Z35: 0 | AA35: 0 | AB35: =SUM(Y35:AA35) -> 23 | AC35: 6 | AD35: 0 | AE35: 0 | AF35: =SUM(AC35:AE35) -> 6 | AG35: 44 | AH35: 1 | AI35: 0 | AJ35: =SUM(AG35:AI35) -> 45 | AK35: 11 | AL35: 0 | AM35: 0 | AN35: =SUM(AK35:AM35) -> 11 | AO35: 3 | AP35: 0 | AQ35: 0 | AR35: =SUM(AO35:AQ35) -> 3
B36: =+D35 -> 0.61458334 | C36: to | D36: =SUM(0.0416667/4)+B36 -> 0.62500002 | E36: 5 | F36: 1 | G36: 0 | H36: =SUM(E36:G36) -> 6 | I36: 75 | J36: 1 | K36: 3 | L36: =SUM(I36:K36) -> 79 | M36: 66 | N36: 1 | O36: 1 | P36: =SUM(M36:O36) -> 68 | Q36: 24 | R36: 0 | S36: 0 | T36: =SUM(Q36:S36) -> 24 | U36: 7 | V36: 0 | W36: 0 | X36: =SUM(U36:W36) -> 7 | Y36: 21 | Z36: 1 | AA36: 0 | AB36: =SUM(Y36:AA36) -> 22 | AC36: 4 | AD36: 0 | AE36: 0 | AF36: =SUM(AC36:AE36) -> 4 | AG36: 45 | AH36: 2 | AI36: 0 | AJ36: =SUM(AG36:AI36) -> 47 | AK36: 8 | AL36: 0 | AM36: 0 | AN36: =SUM(AK36:AM36) -> 8 | AO36: 0 | AP36: 0 | AQ36: 0 | AR36: =SUM(AO36:AQ36) -> 0
B37: =+D36 -> 0.62500002 | C37: to | D37: =SUM(0.0416667/4)+B37 -> 0.63541669 | E37: 2 | F37: 0 | G37: 0 | H37: =SUM(E37:G37) -> 2 | I37: 49 | J37: 0 | K37: 4 | L37: =SUM(I37:K37) -> 53 | M37: 66 | N37: 1 | O37: 0 | P37: =SUM(M37:O37) -> 67 | Q37: 37 | R37: 1 | S37: 0 | T37: =SUM(Q37:S37) -> 38 | U37: 0 | V37: 0 | W37: 0 | X37: =SUM(U37:W37) -> 0 | Y37: 27 | Z37: 0 | AA37: 0 | AB37: =SUM(Y37:AA37) -> 27 | AC37: 7 | AD37: 0 | AE37: 0 | AF37: =SUM(AC37:AE37) -> 7 | AG37: 65 | AH37: 1 | AI37: 0 | AJ37: =SUM(AG37:AI37) -> 66 | AK37: 14 | AL37: 0 | AM37: 0 | AN37: =SUM(AK37:AM37) -> 14 | AO37: 2 | AP37: 0 | AQ37: 0 | AR37: =SUM(AO37:AQ37) -> 2
B38: =+D37 -> 0.63541669 | C38: to | D38: =SUM(0.0416667/4)+B38 -> 0.64583337 | E38: 3 | F38: 0 | G38: 0 | H38: =SUM(E38:G38) -> 3 | I38: 53 | J38: 0 | K38: 4 | L38: =SUM(I38:K38) -> 57 | M38: 79 | N38: 0 | O38: 0 | P38: =SUM(M38:O38) -> 79 | Q38: 22 | R38: 2 | S38: 0 | T38: =SUM(Q38:S38) -> 24 | U38: 1 | V38: 0 | W38: 0 | X38: =SUM(U38:W38) -> 1 | Y38: 16 | Z38: 0 | AA38: 0 | AB38: =SUM(Y38:AA38) -> 16 | AC38: 13 | AD38: 0 | AE38: 0 | AF38: =SUM(AC38:AE38) -> 13 | AG38: 39 | AH38: 0 | AI38: 0 | AJ38: =SUM(AG38:AI38) -> 39 | AK38: 21 | AL38: 0 | AM38: 0 | AN38: =SUM(AK38:AM38) -> 21 | AO38: 2 | AP38: 0 | AQ38: 0 | AR38: =SUM(AO38:AQ38) -> 2
B39: =+D38 -> 0.64583337 | C39: to | D39: =SUM(0.0416667/4)+B39 -> 0.65625004 | E39: 4 | F39: 0 | G39: 0 | H39: =SUM(E39:G39) -> 4 | I39: 64 | J39: 1 | K39: 4 | L39: =SUM(I39:K39) -> 69 | M39: 89 | N39: 0 | O39: 0 | P39: =SUM(M39:O39) -> 89 | Q39: 37 | R39: 0 | S39: 0 | T39: =SUM(Q39:S39) -> 37 | U39: 4 | V39: 0 | W39: 0 | X39: =SUM(U39:W39) -> 4 | Y39: 19 | Z39: 0 | AA39: 0 | AB39: =SUM(Y39:AA39) -> 19 | AC39: 7 | AD39: 0 | AE39: 0 | AF39: =SUM(AC39:AE39) -> 7 | AG39: 49 | AH39: 3 | AI39: 0 | AJ39: =SUM(AG39:AI39) -> 52 | AK39: 15 | AL39: 0 | AM39: 0 | AN39: =SUM(AK39:AM39) -> 15 | AO39: 0 | AP39: 0 | AQ39: 0 | AR39: =SUM(AO39:AQ39) -> 0
B40: =+D39 -> 0.65625004 | C40: to | D40: =SUM(0.0416667/4)+B40 -> 0.66666672 | E40: 5 | F40: 0 | G40: 0 | H40: =SUM(E40:G40) -> 5 | I40: 37 | J40: 0 | K40: 4 | L40: =SUM(I40:K40) -> 41 | M40: 68 | N40: 2 | O40: 0 | P40: =SUM(M40:O40) -> 70 | Q40: 31 | R40: 0 | S40: 0 | T40: =SUM(Q40:S40) -> 31 | U40: 0 | V40: 0 | W40: 0 | X40: =SUM(U40:W40) -> 0 | Y40: 14 | Z40: 0 | AA40: 0 | AB40: =SUM(Y40:AA40) -> 14 | AC40: 13 | AD40: 0 | AE40: 0 | AF40: =SUM(AC40:AE40) -> 13 | AG40: 25 | AH40: 0 | AI40: 0 | AJ40: =SUM(AG40:AI40) -> 25 | AK40: 19 | AL40: 0 | AM40: 0 | AN40: =SUM(AK40:AM40) -> 19 | AO40: 0 | AP40: 0 | AQ40: 0 | AR40: =SUM(AO40:AQ40) -> 0
B41: =+D40 -> 0.66666672 | C41: to | D41: =SUM(0.0416667/4)+B41 -> 0.67708339 | E41: 2 | F41: 0 | G41: 0 | H41: =SUM(E41:G41) -> 2 | I41: 64 | J41: 1 | K41: 5 | L41: =SUM(I41:K41) -> 70 | M41: 84 | N41: 0 | O41: 0 | P41: =SUM(M41:O41) -> 84 | Q41: 23 | R41: 1 | S41: 0 | T41: =SUM(Q41:S41) -> 24 | U41: 2 | V41: 0 | W41: 0 | X41: =SUM(U41:W41) -> 2 | Y41: 14 | Z41: 2 | AA41: 0 | AB41: =SUM(Y41:AA41) -> 16 | AC41: 10 | AD41: 0 | AE41: 0 | AF41: =SUM(AC41:AE41) -> 10 | AG41: 27 | AH41: 0 | AI41: 0 | AJ41: =SUM(AG41:AI41) -> 27 | AK41: 5 | AL41: 0 | AM41: 0 | AN41: =SUM(AK41:AM41) -> 5 | AO41: 3 | AP41: 0 | AQ41: 0 | AR41: =SUM(AO41:AQ41) -> 3
B42: =+D41 -> 0.67708339 | C42: to | D42: =SUM(0.0416667/4)+B42 -> 0.68750007 | E42: 6 | F42: 0 | G42: 0 | H42: =SUM(E42:G42) -> 6 | I42: 58 | J42: 0 | K42: 2 | L42: =SUM(I42:K42) -> 60 | M42: 71 | N42: 0 | O42: 0 | P42: =SUM(M42:O42) -> 71 | Q42: 18 | R42: 1 | S42: 0 | T42: =SUM(Q42:S42) -> 19 | U42: 1 | V42: 0 | W42: 0 | X42: =SUM(U42:W42) -> 1 | Y42: 19 | Z42: 0 | AA42: 0 | AB42: =SUM(Y42:AA42) -> 19 | AC42: 7 | AD42: 0 | AE42: 0 | AF42: =SUM(AC42:AE42) -> 7 | AG42: 29 | AH42: 0 | AI42: 0 | AJ42: =SUM(AG42:AI42) -> 29 | AK42: 10 | AL42: 0 | AM42: 0 | AN42: =SUM(AK42:AM42) -> 10 | AO42: 0 | AP42: 0 | AQ42: 0 | AR42: =SUM(AO42:AQ42) -> 0
B43: =+D42 -> 0.68750007 | C43: to | D43: =SUM(0.0416667/4)+B43 -> 0.69791674 | E43: 7 | F43: 0 | G43: 0 | H43: =SUM(E43:G43) -> 7 | I43: 79 | J43: 0 | K43: 5 | L43: =SUM(I43:K43) -> 84 | M43: 94 | N43: 0 | O43: 0 | P43: =SUM(M43:O43) -> 94 | Q43: 23 | R43: 0 | S43: 0 | T43: =SUM(Q43:S43) -> 23 | U43: 3 | V43: 0 | W43: 0 | X43: =SUM(U43:W43) -> 3 | Y43: 28 | Z43: 0 | AA43: 0 | AB43: =SUM(Y43:AA43) -> 28 | AC43: 10 | AD43: 0 | AE43: 0 | AF43: =SUM(AC43:AE43) -> 10 | AG43: 30 | AH43: 0 | AI43: 0 | AJ43: =SUM(AG43:AI43) -> 30 | AK43: 9 | AL43: 0 | AM43: 0 | AN43: =SUM(AK43:AM43) -> 9 | AO43: 2 | AP43: 0 | AQ43: 0 | AR43: =SUM(AO43:AQ43) -> 2
B44: =+D43 -> 0.69791674 | C44: to | D44: =SUM(0.0416667/4)+B44 -> 0.70833342 | E44: 5 | F44: 0 | G44: 0 | H44: =SUM(E44:G44) -> 5 | I44: 63 | J44: 0 | K44: 2 | L44: =SUM(I44:K44) -> 65 | M44: 81 | N44: 0 | O44: 0 | P44: =SUM(M44:O44) -> 81 | Q44: 23 | R44: 0 | S44: 0 | T44: =SUM(Q44:S44) -> 23 | U44: 3 | V44: 0 | W44: 0 | X44: =SUM(U44:W44) -> 3 | Y44: 22 | Z44: 0 | AA44: 0 | AB44: =SUM(Y44:AA44) -> 22 | AC44: 9 | AD44: 0 | AE44: 0 | AF44: =SUM(AC44:AE44) -> 9 | AG44: 50 | AH44: 1 | AI44: 0 | AJ44: =SUM(AG44:AI44) -> 51 | AK44: 13 | AL44: 0 | AM44: 0 | AN44: =SUM(AK44:AM44) -> 13 | AO44: 2 | AP44: 0 | AQ44: 0 | AR44: =SUM(AO44:AQ44) -> 2
B45: =+D44 -> 0.70833342 | C45: to | D45: =SUM(0.0416667/4)+B45 -> 0.71875009 | E45: 6 | F45: 0 | G45: 0 | H45: =SUM(E45:G45) -> 6 | I45: 74 | J45: 0 | K45: 5 | L45: =SUM(I45:K45) -> 79 | M45: 84 | N45: 0 | O45: 0 | P45: =SUM(M45:O45) -> 84 | Q45: 38 | R45: 0 | S45: 0 | T45: =SUM(Q45:S45) -> 38 | U45: 5 | V45: 0 | W45: 0 | X45: =SUM(U45:W45) -> 5 | Y45: 30 | Z45: 0 | AA45: 0 | AB45: =SUM(Y45:AA45) -> 30 | AC45: 9 | AD45: 0 | AE45: 0 | AF45: =SUM(AC45:AE45) -> 9 | AG45: 39 | AH45: 1 | AI45: 0 | AJ45: =SUM(AG45:AI45) -> 40 | AK45: 10 | AL45: 0 | AM45: 0 | AN45: =SUM(AK45:AM45) -> 10 | AO45: 0 | AP45: 0 | AQ45: 0 | AR45: =SUM(AO45:AQ45) -> 0
B46: =+D45 -> 0.71875009 | C46: to | D46: =SUM(0.0416667/4)+B46 -> 0.72916677 | E46: 3 | F46: 0 | G46: 0 | H46: =SUM(E46:G46) -> 3 | I46: 61 | J46: 0 | K46: 4 | L46: =SUM(I46:K46) -> 65 | M46: 74 | N46: 0 | O46: 0 | P46: =SUM(M46:O46) -> 74 | Q46: 19 | R46: 0 | S46: 0 | T46: =SUM(Q46:S46) -> 19 | U46: 0 | V46: 0 | W46: 0 | X46: =SUM(U46:W46) -> 0 | Y46: 27 | Z46: 0 | AA46: 0 | AB46: =SUM(Y46:AA46) -> 27 | AC46: 10 | AD46: 0 | AE46: 0 | AF46: =SUM(AC46:AE46) -> 10 | AG46: 38 | AH46: 0 | AI46: 0 | AJ46: =SUM(AG46:AI46) -> 38 | AK46: 10 | AL46: 0 | AM46: 0 | AN46: =SUM(AK46:AM46) -> 10 | AO46: 0 | AP46: 0 | AQ46: 0 | AR46: =SUM(AO46:AQ46) -> 0
B47: =+D46 -> 0.72916677 | C47: to | D47: =SUM(0.0416667/4)+B47 -> 0.73958344 | E47: 1 | F47: 0 | G47: 0 | H47: =SUM(E47:G47) -> 1 | I47: 46 | J47: 1 | K47: 5 | L47: =SUM(I47:K47) -> 52 | M47: 69 | N47: 1 | O47: 0 | P47: =SUM(M47:O47) -> 70 | Q47: 23 | R47: 0 | S47: 0 | T47: =SUM(Q47:S47) -> 23 | U47: 6 | V47: 0 | W47: 0 | X47: =SUM(U47:W47) -> 6 | Y47: 23 | Z47: 1 | AA47: 0 | AB47: =SUM(Y47:AA47) -> 24 | AC47: 13 | AD47: 0 | AE47: 0 | AF47: =SUM(AC47:AE47) -> 13 | AG47: 34 | AH47: 0 | AI47: 0 | AJ47: =SUM(AG47:AI47) -> 34 | AK47: 10 | AL47: 0 | AM47: 0 | AN47: =SUM(AK47:AM47) -> 10 | AO47: 1 | AP47: 0 | AQ47: 0 | AR47: =SUM(AO47:AQ47) -> 1
... B50: =+D49 -> 0.76041679 | C50: to | D50: =SUM(0.0416667/4)+B50 -> 0.77083347 | E50: 3 | F50: 0 | G50: 0 | H50: =SUM(E50:G50) -> 3 | I50: 51 | J50: 0 | K50: 3 | L50: =SUM(I50:K50) -> 54 | M50: 68 | N50: 0 | O50: 0 | P50: =SUM(M50:O50) -> 68 | Q50: 29 | R50: 0 | S50: 0 | T50: =SUM(Q50:S50) -> 29 | U50: 4 | V50: 0 | W50: 0 | X50: =SUM(U50:W50) -> 4 | Y50: 18 | Z50: 0 | AA50: 0 | AB50: =SUM(Y50:AA50) -> 18 | AC50: 9 | AD50: 0 | AE50: 0 | AF50: =SUM(AC50:AE50) -> 9 | AG50: 38 | AH50: 0 | AI50: 0 | AJ50: =SUM(AG50:AI50) -> 38 | AK50: 8 | AL50: 0 | AM50: 0 | AN50: =SUM(AK50:AM50) -> 8 | AO50: 2 | AP50: 0 | AQ50: 0 | AR50: =SUM(AO50:AQ50) -> 2
B51: PM Totals | E51: =SUM(E35:E50) -> 66 | F51: =SUM(F35:F50) -> 1 | G51: =SUM(G35:G50) -> 0 | H51: =SUM(E51:G51) -> 67 | I51: =SUM(I35:I50) -> 967 | J51: =SUM(J35:J50) -> 4 | K51: =SUM(K35:K50) -> 63 | L51: =SUM(I51:K51) -> 1034 | M51: =SUM(M35:M50) -> 1203 | N51: =SUM(N35:N50) -> 7 | O51: =SUM(O35:O50) -> 1 | P51: =SUM(M51:O51) -> 1211 | Q51: =SUM(Q35:Q50) -> 431 | R51: =SUM(R35:R50) -> 5 | S51: =SUM(S35:S50) -> 0 | T51: =SUM(Q51:S51) -> 436 | U51: =SUM(U35:U50) -> 39 | V51: =SUM(V35:V50) -> 0 | W51: =SUM(W35:W50) -> 0 | X51: =SUM(U51:W51) -> 39 | Y51: =SUM(Y35:Y50) -> 340 | Z51: =SUM(Z35:Z50) -> 4 | AA51: =SUM(AA35:AA50) -> 0 | AB51: =SUM(Y51:AA51) -> 344 | AC51: =SUM(AC35:AC50) -> 144 | AD51: =SUM(AD35:AD50) -> 0 | AE51: =SUM(AE35:AE50) -> 0 | AF51: =SUM(AC51:AE51) -> 144 | AG51: =SUM(AG35:AG50) -> 609 | AH51: =SUM(AH35:AH50) -> 10 | AI51: =SUM(AI35:AI50) -> 0 | AJ51: =SUM(AG51:AI51) -> 619 | AK51: =SUM(AK35:AK50) -> 182 | AL51: =SUM(AL35:AL50) -> 0 | AM51: =SUM(AM35:AM50) -> 0 | AN51: =SUM(AK51:AM51) -> 182 | AO51: =SUM(AO35:AO50) -> 18 | AP51: =SUM(AP35:AP50) -> 0 | AQ51: =SUM(AQ35:AQ50) -> 0 | AR51: =SUM(AO51:AQ51) -> 18
B53: Approach | E53: =AA3 -> St Jude St | Y53: =U2 -> Great N Rd | AS53: =S3 -> Wingate St
B54: Direction | E54: Direction 9 | I54: Direction 10 | M54: Direction 11 | Q54: Direction 12 | U54: Direction 12U | Y54: Direction 13 | AC54: Direction 14 | AG54: Direction 15 | AK54: Direction 16 | AO54: Direction 16U | AS54: Direction 17 | AW54: Direction 18 | BA54: Direction 19 | BE54: Direction 20 | BI54: Direction 20U
B55: Time Period | E55: =$E$13 -> Lights | F55: =$G$13 -> Heavies | G55: =$I$13 -> Buses | H55: Total | I55: =$E$13 -> Lights | J55: =$G$13 -> Heavies | K55: =$I$13 -> Buses | L55: Total | M55: =$E$13 -> Lights | N55: =$G$13 -> Heavies | O55: =$I$13 -> Buses | P55: Total | Q55: =$E$13 -> Lights | R55: =$G$13 -> Heavies | S55: =$I$13 -> Buses | T55: Total | U55: =$E$13 -> Lights | V55: =$G$13 -> Heavies | W55: =$I$13 -> Buses | X55: Total | Y55: =$E$13 -> Lights | Z55: =$G$13 -> Heavies | AA55: =$I$13 -> Buses | AB55: Total | AC55: =$E$13 -> Lights | AD55: =$G$13 -> Heavies | AE55: =$I$13 -> Buses | AF55: Total | AG55: =$E$13 -> Lights | AH55: =$G$13 -> Heavies | AI55: =$I$13 -> Buses | AJ55: Total | AK55: =$E$13 -> Lights | AL55: =$G$13 -> Heavies | AM55: =$I$13 -> Buses | AN55: Total | AO55: =$E$13 -> Lights | AP55: =$G$13 -> Heavies | AQ55: =$I$13 -> Buses | AR55: Total | AS55: =$E$13 -> Lights | AT55: =$G$13 -> Heavies | AU55: =$I$13 -> Buses | AV55: Total | AW55: =$E$13 -> Lights | AX55: =$G$13 -> Heavies | AY55: =$I$13 -> Buses | AZ55: Total | BA55: =$E$13 -> Lights | BB55: =$G$13 -> Heavies | BC55: =$I$13 -> Buses | BD55: Total | BE55: =$E$13 -> Lights | BF55: =$G$13 -> Heavies | BG55: =$I$13 -> Buses | BH55: Total | BI55: =$E$13 -> Lights | BJ55: =$G$13 -> Heavies | BK55: =$I$13 -> Buses | BL55: Total
B56: =B18 -> 0.25 | C56: to | D56: =SUM(0.0416667/4)+B56 -> 0.26041667 | E56: 2 | F56: 0 | G56: 0 | H56: =SUM(E56:G56) -> 2 | I56: 16 | J56: 1 | K56: 0 | L56: =SUM(I56:K56) -> 17 | M56: 1 | N56: 0 | O56: 0 | P56: =SUM(M56:O56) -> 1 | Q56: 3 | R56: 1 | S56: 0 | T56: =SUM(Q56:S56) -> 4 | U56: 0 | V56: 0 | W56: 0 | X56: =SUM(U56:W56) -> 0 | Y56: 0 | Z56: 0 | AA56: 0 | AB56: =SUM(Y56:AA56) -> 0 | AC56: 7 | AD56: 0 | AE56: 0 | AF56: =SUM(AC56:AE56) -> 7 | AG56: 19 | AH56: 1 | AI56: 4 | AJ56: =SUM(AG56:AI56) -> 24 | AK56: 0 | AL56: 0 | AM56: 0 | AN56: =SUM(AK56:AM56) -> 0 | AO56: 0 | AP56: 0 | AQ56: 0 | AR56: =SUM(AO56:AQ56) -> 0 | AS56: 4 | AT56: 0 | AU56: 0 | AV56: =SUM(AS56:AU56) -> 4 | AW56: 2 | AX56: 0 | AY56: 0 | AZ56: =SUM(AW56:AY56) -> 2 | BA56: 4 | BB56: 0 | BC56: 0 | BD56: =SUM(BA56:BC56) -> 4 | BE56: 0 | BF56: 0 | BG56: 0 | BH56: =SUM(BE56:BG56) -> 0 | BI56: 0 | BJ56: 0 | BK56: 0 | BL56: =SUM(BI56:BK56) -> 0
B57: =+D56 -> 0.26041667 | C57: to | D57: =SUM(0.0416667/4)+B57 -> 0.27083335 | E57: 2 | F57: 0 | G57: 0 | H57: =SUM(E57:G57) -> 2 | I57: 11 | J57: 2 | K57: 0 | L57: =SUM(I57:K57) -> 13 | M57: 2 | N57: 1 | O57: 0 | P57: =SUM(M57:O57) -> 3 | Q57: 2 | R57: 0 | S57: 0 | T57: =SUM(Q57:S57) -> 2 | U57: 0 | V57: 0 | W57: 0 | X57: =SUM(U57:W57) -> 0 | Y57: 3 | Z57: 0 | AA57: 0 | AB57: =SUM(Y57:AA57) -> 3 | AC57: 12 | AD57: 0 | AE57: 0 | AF57: =SUM(AC57:AE57) -> 12 | AG57: 16 | AH57: 2 | AI57: 3 | AJ57: =SUM(AG57:AI57) -> 21 | AK57: 0 | AL57: 0 | AM57: 0 | AN57: =SUM(AK57:AM57) -> 0 | AO57: 1 | AP57: 0 | AQ57: 0 | AR57: =SUM(AO57:AQ57) -> 1 | AS57: 5 | AT57: 0 | AU57: 0 | AV57: =SUM(AS57:AU57) -> 5 | AW57: 4 | AX57: 0 | AY57: 0 | AZ57: =SUM(AW57:AY57) -> 4 | BA57: 1 | BB57: 0 | BC57: 0 | BD57: =SUM(BA57:BC57) -> 1 | BE57: 0 | BF57: 0 | BG57: 0 | BH57: =SUM(BE57:BG57) -> 0 | BI57: 0 | BJ57: 0 | BK57: 0 | BL57: =SUM(BI57:BK57) -> 0
B58: =+D57 -> 0.27083335 | C58: to | D58: =SUM(0.0416667/4)+B58 -> 0.28125002 | E58: 1 | F58: 0 | G58: 0 | H58: =SUM(E58:G58) -> 1 | I58: 20 | J58: 0 | K58: 0 | L58: =SUM(I58:K58) -> 20 | M58: 0 | N58: 0 | O58: 0 | P58: =SUM(M58:O58) -> 0 | Q58: 5 | R58: 0 | S58: 0 | T58: =SUM(Q58:S58) -> 5 | U58: 0 | V58: 0 | W58: 0 | X58: =SUM(U58:W58) -> 0 | Y58: 2 | Z58: 1 | AA58: 0 | AB58: =SUM(Y58:AA58) -> 3 | AC58: 13 | AD58: 0 | AE58: 0 | AF58: =SUM(AC58:AE58) -> 13 | AG58: 15 | AH58: 2 | AI58: 2 | AJ58: =SUM(AG58:AI58) -> 19 | AK58: 0 | AL58: 1 | AM58: 0 | AN58: =SUM(AK58:AM58) -> 1 | AO58: 0 | AP58: 0 | AQ58: 0 | AR58: =SUM(AO58:AQ58) -> 0 | AS58: 8 | AT58: 1 | AU58: 0 | AV58: =SUM(AS58:AU58) -> 9 | AW58: 5 | AX58: 0 | AY58: 0 | AZ58: =SUM(AW58:AY58) -> 5 | BA58: 1 | BB58: 0 | BC58: 0 | BD58: =SUM(BA58:BC58) -> 1 | BE58: 0 | BF58: 0 | BG58: 0 | BH58: =SUM(BE58:BG58) -> 0 | BI58: 0 | BJ58: 0 | BK58: 0 | BL58: =SUM(BI58:BK58) -> 0
B59: =+D58 -> 0.28125002 | C59: to | D59: =SUM(0.0416667/4)+B59 -> 0.2916667 | E59: 2 | F59: 2 | G59: 0 | H59: =SUM(E59:G59) -> 4 | I59: 26 | J59: 0 | K59: 0 | L59: =SUM(I59:K59) -> 26 | M59: 3 | N59: 1 | O59: 0 | P59: =SUM(M59:O59) -> 4 | Q59: 7 | R59: 0 | S59: 0 | T59: =SUM(Q59:S59) -> 7 | U59: 0 | V59: 0 | W59: 0 | X59: =SUM(U59:W59) -> 0 | Y59: 3 | Z59: 0 | AA59: 0 | AB59: =SUM(Y59:AA59) -> 3 | AC59: 16 | AD59: 0 | AE59: 0 | AF59: =SUM(AC59:AE59) -> 16 | AG59: 35 | AH59: 1 | AI59: 3 | AJ59: =SUM(AG59:AI59) -> 39 | AK59: 0 | AL59: 0 | AM59: 0 | AN59: =SUM(AK59:AM59) -> 0 | AO59: 0 | AP59: 0 | AQ59: 0 | AR59: =SUM(AO59:AQ59) -> 0 | AS59: 5 | AT59: 0 | AU59: 0 | AV59: =SUM(AS59:AU59) -> 5 | AW59: 8 | AX59: 0 | AY59: 0 | AZ59: =SUM(AW59:AY59) -> 8 | BA59: 3 | BB59: 0 | BC59: 0 | BD59: =SUM(BA59:BC59) -> 3 | BE59: 1 | BF59: 0 | BG59: 0 | BH59: =SUM(BE59:BG59) -> 1 | BI59: 0 | BJ59: 0 | BK59: 0 | BL59: =SUM(BI59:BK59) -> 0
B60: =+D59 -> 0.2916667 | C60: to | D60: =SUM(0.0416667/4)+B60 -> 0.30208337 | E60: 1 | F60: 0 | G60: 0 | H60: =SUM(E60:G60) -> 1 | I60: 30 | J60: 1 | K60: 0 | L60: =SUM(I60:K60) -> 31 | M60: 1 | N60: 0 | O60: 0 | P60: =SUM(M60:O60) -> 1 | Q60: 4 | R60: 1 | S60: 0 | T60: =SUM(Q60:S60) -> 5 | U60: 0 | V60: 0 | W60: 0 | X60: =SUM(U60:W60) -> 0 | Y60: 3 | Z60: 0 | AA60: 0 | AB60: =SUM(Y60:AA60) -> 3 | AC60: 16 | AD60: 0 | AE60: 0 | AF60: =SUM(AC60:AE60) -> 16 | AG60: 22 | AH60: 1 | AI60: 1 | AJ60: =SUM(AG60:AI60) -> 24 | AK60: 1 | AL60: 0 | AM60: 0 | AN60: =SUM(AK60:AM60) -> 1 | AO60: 0 | AP60: 0 | AQ60: 0 | AR60: =SUM(AO60:AQ60) -> 0 | AS60: 6 | AT60: 0 | AU60: 0 | AV60: =SUM(AS60:AU60) -> 6 | AW60: 2 | AX60: 0 | AY60: 0 | AZ60: =SUM(AW60:AY60) -> 2 | BA60: 4 | BB60: 0 | BC60: 0 | BD60: =SUM(BA60:BC60) -> 4 | BE60: 1 | BF60: 0 | BG60: 0 | BH60: =SUM(BE60:BG60) -> 1 | BI60: 0 | BJ60: 0 | BK60: 0 | BL60: =SUM(BI60:BK60) -> 0
B61: =+D60 -> 0.30208337 | C61: to | D61: =SUM(0.0416667/4)+B61 -> 0.31250005 | E61: 7 | F61: 1 | G61: 0 | H61: =SUM(E61:G61) -> 8 | I61: 35 | J61: 1 | K61: 0 | L61: =SUM(I61:K61) -> 36 | M61: 2 | N61: 0 | O61: 0 | P61: =SUM(M61:O61) -> 2 | Q61: 5 | R61: 0 | S61: 0 | T61: =SUM(Q61:S61) -> 5 | U61: 0 | V61: 0 | W61: 0 | X61: =SUM(U61:W61) -> 0 | Y61: 5 | Z61: 0 | AA61: 0 | AB61: =SUM(Y61:AA61) -> 5 | AC61: 32 | AD61: 0 | AE61: 0 | AF61: =SUM(AC61:AE61) -> 32 | AG61: 21 | AH61: 1 | AI61: 2 | AJ61: =SUM(AG61:AI61) -> 24 | AK61: 2 | AL61: 0 | AM61: 0 | AN61: =SUM(AK61:AM61) -> 2 | AO61: 0 | AP61: 0 | AQ61: 0 | AR61: =SUM(AO61:AQ61) -> 0 | AS61: 12 | AT61: 0 | AU61: 0 | AV61: =SUM(AS61:AU61) -> 12 | AW61: 1 | AX61: 0 | AY61: 0 | AZ61: =SUM(AW61:AY61) -> 1 | BA61: 9 | BB61: 1 | BC61: 0 | BD61: =SUM(BA61:BC61) -> 10 | BE61: 1 | BF61: 0 | BG61: 0 | BH61: =SUM(BE61:BG61) -> 1 | BI61: 0 | BJ61: 0 | BK61: 0 | BL61: =SUM(BI61:BK61) -> 0
B62: =+D61 -> 0.31250005 | C62: to | D62: =SUM(0.0416667/4)+B62 -> 0.32291672 | E62: 3 | F62: 0 | G62: 0 | H62: =SUM(E62:G62) -> 3 | I62: 38 | J62: 3 | K62: 0 | L62: =SUM(I62:K62) -> 41 | M62: 1 | N62: 1 | O62: 0 | P62: =SUM(M62:O62) -> 2 | Q62: 7 | R62: 0 | S62: 0 | T62: =SUM(Q62:S62) -> 7 | U62: 1 | V62: 0 | W62: 0 | X62: =SUM(U62:W62) -> 1 | Y62: 0 | Z62: 0 | AA62: 0 | AB62: =SUM(Y62:AA62) -> 0 | AC62: 28 | AD62: 0 | AE62: 0 | AF62: =SUM(AC62:AE62) -> 28 | AG62: 22 | AH62: 1 | AI62: 4 | AJ62: =SUM(AG62:AI62) -> 27 | AK62: 1 | AL62: 0 | AM62: 0 | AN62: =SUM(AK62:AM62) -> 1 | AO62: 0 | AP62: 0 | AQ62: 0 | AR62: =SUM(AO62:AQ62) -> 0 | AS62: 20 | AT62: 0 | AU62: 0 | AV62: =SUM(AS62:AU62) -> 20 | AW62: 16 | AX62: 0 | AY62: 0 | AZ62: =SUM(AW62:AY62) -> 16 | BA62: 8 | BB62: 1 | BC62: 0 | BD62: =SUM(BA62:BC62) -> 9 | BE62: 3 | BF62: 0 | BG62: 0 | BH62: =SUM(BE62:BG62) -> 3 | BI62: 0 | BJ62: 0 | BK62: 0 | BL62: =SUM(BI62:BK62) -> 0
B63: =+D62 -> 0.32291672 | C63: to | D63: =SUM(0.0416667/4)+B63 -> 0.3333334 | E63: 7 | F63: 0 | G63: 0 | H63: =SUM(E63:G63) -> 7 | I63: 54 | J63: 2 | K63: 0 | L63: =SUM(I63:K63) -> 56 | M63: 1 | N63: 0 | O63: 0 | P63: =SUM(M63:O63) -> 1 | Q63: 11 | R63: 1 | S63: 0 | T63: =SUM(Q63:S63) -> 12 | U63: 0 | V63: 0 | W63: 0 | X63: =SUM(U63:W63) -> 0 | Y63: 6 | Z63: 1 | AA63: 0 | AB63: =SUM(Y63:AA63) -> 7 | AC63: 40 | AD63: 1 | AE63: 0 | AF63: =SUM(AC63:AE63) -> 41 | AG63: 37 | AH63: 3 | AI63: 5 | AJ63: =SUM(AG63:AI63) -> 45 | AK63: 0 | AL63: 0 | AM63: 0 | AN63: =SUM(AK63:AM63) -> 0 | AO63: 0 | AP63: 0 | AQ63: 0 | AR63: =SUM(AO63:AQ63) -> 0 | AS63: 34 | AT63: 0 | AU63: 0 | AV63: =SUM(AS63:AU63) -> 34 | AW63: 11 | AX63: 2 | AY63: 0 | AZ63: =SUM(AW63:AY63) -> 13 | BA63: 4 | BB63: 0 | BC63: 0 | BD63: =SUM(BA63:BC63) -> 4 | BE63: 2 | BF63: 0 | BG63: 0 | BH63: =SUM(BE63:BG63) -> 2 | BI63: 0 | BJ63: 0 | BK63: 0 | BL63: =SUM(BI63:BK63) -> 0
B64: =+D63 -> 0.3333334 | C64: to | D64: =SUM(0.0416667/4)+B64 -> 0.34375007 | E64: 10 | F64: 0 | G64: 0 | H64: =SUM(E64:G64) -> 10 | I64: 54 | J64: 0 | K64: 1 | L64: =SUM(I64:K64) -> 55 | M64: 0 | N64: 0 | O64: 0 | P64: =SUM(M64:O64) -> 0 | Q64: 8 | R64: 0 | S64: 0 | T64: =SUM(Q64:S64) -> 8 | U64: 2 | V64: 0 | W64: 0 | X64: =SUM(U64:W64) -> 2 | Y64: 5 | Z64: 1 | AA64: 0 | AB64: =SUM(Y64:AA64) -> 6 | AC64: 38 | AD64: 0 | AE64: 0 | AF64: =SUM(AC64:AE64) -> 38 | AG64: 35 | AH64: 2 | AI64: 5 | AJ64: =SUM(AG64:AI64) -> 42 | AK64: 2 | AL64: 0 | AM64: 0 | AN64: =SUM(AK64:AM64) -> 2 | AO64: 0 | AP64: 0 | AQ64: 0 | AR64: =SUM(AO64:AQ64) -> 0 | AS64: 31 | AT64: 0 | AU64: 0 | AV64: =SUM(AS64:AU64) -> 31 | AW64: 30 | AX64: 0 | AY64: 0 | AZ64: =SUM(AW64:AY64) -> 30 | BA64: 7 | BB64: 0 | BC64: 0 | BD64: =SUM(BA64:BC64) -> 7 | BE64: 0 | BF64: 0 | BG64: 0 | BH64: =SUM(BE64:BG64) -> 0 | BI64: 0 | BJ64: 0 | BK64: 0 | BL64: =SUM(BI64:BK64) -> 0
B65: =+D64 -> 0.34375007 | C65: to | D65: =SUM(0.0416667/4)+B65 -> 0.35416675 | E65: 15 | F65: 0 | G65: 0 | H65: =SUM(E65:G65) -> 15 | I65: 71 | J65: 1 | K65: 0 | L65: =SUM(I65:K65) -> 72 | M65: 3 | N65: 0 | O65: 0 | P65: =SUM(M65:O65) -> 3 | Q65: 14 | R65: 0 | S65: 0 | T65: =SUM(Q65:S65) -> 14 | U65: 0 | V65: 0 | W65: 0 | X65: =SUM(U65:W65) -> 0 | Y65: 8 | Z65: 0 | AA65: 0 | AB65: =SUM(Y65:AA65) -> 8 | AC65: 37 | AD65: 0 | AE65: 0 | AF65: =SUM(AC65:AE65) -> 37 | AG65: 52 | AH65: 1 | AI65: 9 | AJ65: =SUM(AG65:AI65) -> 62 | AK65: 3 | AL65: 0 | AM65: 0 | AN65: =SUM(AK65:AM65) -> 3 | AO65: 1 | AP65: 0 | AQ65: 0 | AR65: =SUM(AO65:AQ65) -> 1 | AS65: 24 | AT65: 0 | AU65: 0 | AV65: =SUM(AS65:AU65) -> 24 | AW65: 14 | AX65: 0 | AY65: 0 | AZ65: =SUM(AW65:AY65) -> 14 | BA65: 9 | BB65: 0 | BC65: 0 | BD65: =SUM(BA65:BC65) -> 9 | BE65: 4 | BF65: 0 | BG65: 0 | BH65: =SUM(BE65:BG65) -> 4 | BI65: 0 | BJ65: 0 | BK65: 0 | BL65: =SUM(BI65:BK65) -> 0
B66: =+D65 -> 0.35416675 | C66: to | D66: =SUM(0.0416667/4)+B66 -> 0.36458342 | E66: 12 | F66: 1 | G66: 0 | H66: =SUM(E66:G66) -> 13 | I66: 65 | J66: 2 | K66: 0 | L66: =SUM(I66:K66) -> 67 | M66: 2 | N66: 0 | O66: 0 | P66: =SUM(M66:O66) -> 2 | Q66: 13 | R66: 0 | S66: 0 | T66: =SUM(Q66:S66) -> 13 | U66: 1 | V66: 0 | W66: 0 | X66: =SUM(U66:W66) -> 1 | Y66: 12 | Z66: 0 | AA66: 0 | AB66: =SUM(Y66:AA66) -> 12 | AC66: 36 | AD66: 1 | AE66: 0 | AF66: =SUM(AC66:AE66) -> 37 | AG66: 55 | AH66: 2 | AI66: 5 | AJ66: =SUM(AG66:AI66) -> 62 | AK66: 2 | AL66: 0 | AM66: 0 | AN66: =SUM(AK66:AM66) -> 2 | AO66: 0 | AP66: 0 | AQ66: 0 | AR66: =SUM(AO66:AQ66) -> 0 | AS66: 12 | AT66: 0 | AU66: 0 | AV66: =SUM(AS66:AU66) -> 12 | AW66: 8 | AX66: 0 | AY66: 0 | AZ66: =SUM(AW66:AY66) -> 8 | BA66: 5 | BB66: 0 | BC66: 0 | BD66: =SUM(BA66:BC66) -> 5 | BE66: 4 | BF66: 0 | BG66: 0 | BH66: =SUM(BE66:BG66) -> 4 | BI66: 0 | BJ66: 0 | BK66: 0 | BL66: =SUM(BI66:BK66) -> 0
B67: =+D66 -> 0.36458342 | C67: to | D67: =SUM(0.0416667/4)+B67 -> 0.3750001 | E67: 16 | F67: 0 | G67: 0 | H67: =SUM(E67:G67) -> 16 | I67: 87 | J67: 2 | K67: 0 | L67: =SUM(I67:K67) -> 89 | M67: 3 | N67: 0 | O67: 0 | P67: =SUM(M67:O67) -> 3 | Q67: 22 | R67: 0 | S67: 0 | T67: =SUM(Q67:S67) -> 22 | U67: 1 | V67: 0 | W67: 0 | X67: =SUM(U67:W67) -> 1 | Y67: 12 | Z67: 0 | AA67: 0 | AB67: =SUM(Y67:AA67) -> 12 | AC67: 59 | AD67: 3 | AE67: 0 | AF67: =SUM(AC67:AE67) -> 62 | AG67: 42 | AH67: 1 | AI67: 6 | AJ67: =SUM(AG67:AI67) -> 49 | AK67: 8 | AL67: 0 | AM67: 0 | AN67: =SUM(AK67:AM67) -> 8 | AO67: 1 | AP67: 0 | AQ67: 0 | AR67: =SUM(AO67:AQ67) -> 1 | AS67: 6 | AT67: 0 | AU67: 0 | AV67: =SUM(AS67:AU67) -> 6 | AW67: 7 | AX67: 0 | AY67: 0 | AZ67: =SUM(AW67:AY67) -> 7 | BA67: 5 | BB67: 0 | BC67: 0 | BD67: =SUM(BA67:BC67) -> 5 | BE67: 3 | BF67: 0 | BG67: 0 | BH67: =SUM(BE67:BG67) -> 3 | BI67: 0 | BJ67: 0 | BK67: 0 | BL67: =SUM(BI67:BK67) -> 0
B68: =+D67 -> 0.3750001 | C68: to | D68: =SUM(0.0416667/4)+B68 -> 0.38541677 | E68: 7 | F68: 1 | G68: 0 | H68: =SUM(E68:G68) -> 8 | I68: 77 | J68: 3 | K68: 0 | L68: =SUM(I68:K68) -> 80 | M68: 3 | N68: 0 | O68: 0 | P68: =SUM(M68:O68) -> 3 | Q68: 10 | R68: 0 | S68: 0 | T68: =SUM(Q68:S68) -> 10 | U68: 0 | V68: 0 | W68: 0 | X68: =SUM(U68:W68) -> 0 | Y68: 9 | Z68: 1 | AA68: 0 | AB68: =SUM(Y68:AA68) -> 10 | AC68: 35 | AD68: 1 | AE68: 0 | AF68: =SUM(AC68:AE68) -> 36 | AG68: 70 | AH68: 2 | AI68: 9 | AJ68: =SUM(AG68:AI68) -> 81 | AK68: 8 | AL68: 0 | AM68: 0 | AN68: =SUM(AK68:AM68) -> 8 | AO68: 1 | AP68: 0 | AQ68: 0 | AR68: =SUM(AO68:AQ68) -> 1 | AS68: 8 | AT68: 0 | AU68: 0 | AV68: =SUM(AS68:AU68) -> 8 | AW68: 6 | AX68: 0 | AY68: 0 | AZ68: =SUM(AW68:AY68) -> 6 | BA68: 5 | BB68: 0 | BC68: 0 | BD68: =SUM(BA68:BC68) -> 5 | BE68: 3 | BF68: 2 | BG68: 0 | BH68: =SUM(BE68:BG68) -> 5 | BI68: 0 | BJ68: 0 | BK68: 0 | BL68: =SUM(BI68:BK68) -> 0
... B71: =+D70 -> 0.40625012 | C71: to | D71: =SUM(0.0416667/4)+B71 -> 0.4166668 | E71: 4 | F71: 2 | G71: 0 | H71: =SUM(E71:G71) -> 6 | I71: 74 | J71: 3 | K71: 0 | L71: =SUM(I71:K71) -> 77 | M71: 3 | N71: 0 | O71: 0 | P71: =SUM(M71:O71) -> 3 | Q71: 15 | R71: 2 | S71: 0 | T71: =SUM(Q71:S71) -> 17 | U71: 0 | V71: 1 | W71: 0 | X71: =SUM(U71:W71) -> 1 | Y71: 9 | Z71: 0 | AA71: 0 | AB71: =SUM(Y71:AA71) -> 9 | AC71: 26 | AD71: 0 | AE71: 0 | AF71: =SUM(AC71:AE71) -> 26 | AG71: 57 | AH71: 1 | AI71: 2 | AJ71: =SUM(AG71:AI71) -> 60 | AK71: 3 | AL71: 0 | AM71: 0 | AN71: =SUM(AK71:AM71) -> 3 | AO71: 5 | AP71: 0 | AQ71: 0 | AR71: =SUM(AO71:AQ71) -> 5 | AS71: 6 | AT71: 1 | AU71: 0 | AV71: =SUM(AS71:AU71) -> 7 | AW71: 4 | AX71: 0 | AY71: 0 | AZ71: =SUM(AW71:AY71) -> 4 | BA71: 2 | BB71: 0 | BC71: 0 | BD71: =SUM(BA71:BC71) -> 2 | BE71: 0 | BF71: 1 | BG71: 0 | BH71: =SUM(BE71:BG71) -> 1 | BI71: 0 | BJ71: 0 | BK71: 0 | BL71: =SUM(BI71:BK71) -> 0
B72: =B34 -> AM Totals | E72: =SUM(E56:E71) -> 112 | F72: =SUM(F56:F71) -> 8 | G72: =SUM(G56:G71) -> 0 | H72: =SUM(E72:G72) -> 120 | I72: =SUM(I56:I71) -> 798 | J72: =SUM(J56:J71) -> 23 | K72: =SUM(K56:K71) -> 1 | L72: =SUM(I72:K72) -> 822 | M72: =SUM(M56:M71) -> 33 | N72: =SUM(N56:N71) -> 3 | O72: =SUM(O56:O71) -> 0 | P72: =SUM(M72:O72) -> 36 | Q72: =SUM(Q56:Q71) -> 137 | R72: =SUM(R56:R71) -> 5 | S72: =SUM(S56:S71) -> 0 | T72: =SUM(Q72:S72) -> 142 | U72: =SUM(U56:U71) -> 7 | V72: =SUM(V56:V71) -> 1 | W72: =SUM(W56:W71) -> 0 | X72: =SUM(U72:W72) -> 8 | Y72: =SUM(Y56:Y71) -> 96 | Z72: =SUM(Z56:Z71) -> 4 | AA72: =SUM(AA56:AA71) -> 0 | AB72: =SUM(Y72:AA72) -> 100 | AC72: =SUM(AC56:AC71) -> 461 | AD72: =SUM(AD56:AD71) -> 9 | AE72: =SUM(AE56:AE71) -> 0 | AF72: =SUM(AC72:AE72) -> 470 | AG72: =SUM(AG56:AG71) -> 603 | AH72: =SUM(AH56:AH71) -> 26 | AI72: =SUM(AI56:AI71) -> 81 | AJ72: =SUM(AG72:AI72) -> 710 | AK72: =SUM(AK56:AK71) -> 41 | AL72: =SUM(AL56:AL71) -> 1 | AM72: =SUM(AM56:AM71) -> 0 | AN72: =SUM(AK72:AM72) -> 42 | AO72: =SUM(AO56:AO71) -> 12 | AP72: =SUM(AP56:AP71) -> 0 | AQ72: =SUM(AQ56:AQ71) -> 0 | AR72: =SUM(AO72:AQ72) -> 12 | AS72: =SUM(AS56:AS71) -> 189 | AT72: =SUM(AT56:AT71) -> 2 | AU72: =SUM(AU56:AU71) -> 0 | AV72: =SUM(AS72:AU72) -> 191 | AW72: =SUM(AW56:AW71) -> 127 | AX72: =SUM(AX56:AX71) -> 2 | AY72: =SUM(AY56:AY71) -> 0 | AZ72: =SUM(AW72:AY72) -> 129 | BA72: =SUM(BA56:BA71) -> 71 | BB72: =SUM(BB56:BB71) -> 2 | BC72: =SUM(BC56:BC71) -> 0 | BD72: =SUM(BA72:BC72) -> 73 | BE72: =SUM(BE56:BE71) -> 25 | BF72: =SUM(BF56:BF71) -> 3 | BG72: =SUM(BG56:BG71) -> 0 | BH72: =SUM(BE72:BG72) -> 28 | BI72: =SUM(BI56:BI71) -> 0 | BJ72: =SUM(BJ56:BJ71) -> 0 | BK72: =SUM(BK56:BK71) -> 0 | BL72: =SUM(BI72:BK72) -> 0
B73: =B35 -> 0.60416667 | C73: to | D73: =SUM(0.0416667/4)+B73 -> 0.61458334 | E73: 23 | F73: 0 | G73: 0 | H73: =SUM(E73:G73) -> 23 | I73: 85 | J73: 2 | K73: 1 | L73: =SUM(I73:K73) -> 88 | M73: 4 | N73: 0 | O73: 0 | P73: =SUM(M73:O73) -> 4 | Q73: 12 | R73: 1 | S73: 0 | T73: =SUM(Q73:S73) -> 13 | U73: 1 | V73: 0 | W73: 0 | X73: =SUM(U73:W73) -> 1 | Y73: 12 | Z73: 0 | AA73: 0 | AB73: =SUM(Y73:AA73) -> 12 | AC73: 35 | AD73: 2 | AE73: 0 | AF73: =SUM(AC73:AE73) -> 37 | AG73: 68 | AH73: 2 | AI73: 3 | AJ73: =SUM(AG73:AI73) -> 73 | AK73: 7 | AL73: 0 | AM73: 0 | AN73: =SUM(AK73:AM73) -> 7 | AO73: 1 | AP73: 0 | AQ73: 0 | AR73: =SUM(AO73:AQ73) -> 1 | AS73: 1 | AT73: 0 | AU73: 0 | AV73: =SUM(AS73:AU73) -> 1 | AW73: 1 | AX73: 0 | AY73: 0 | AZ73: =SUM(AW73:AY73) -> 1 | BA73: 6 | BB73: 0 | BC73: 0 | BD73: =SUM(BA73:BC73) -> 6 | BE73: 7 | BF73: 0 | BG73: 0 | BH73: =SUM(BE73:BG73) -> 7 | BI73: 0 | BJ73: 0 | BK73: 0 | BL73: =SUM(BI73:BK73) -> 0
B74: =+D73 -> 0.61458334 | C74: to | D74: =SUM(0.0416667/4)+B74 -> 0.62500002 | E74: 13 | F74: 0 | G74: 0 | H74: =SUM(E74:G74) -> 13 | I74: 109 | J74: 2 | K74: 0 | L74: =SUM(I74:K74) -> 111 | M74: 1 | N74: 0 | O74: 0 | P74: =SUM(M74:O74) -> 1 | Q74: 9 | R74: 0 | S74: 0 | T74: =SUM(Q74:S74) -> 9 | U74: 0 | V74: 0 | W74: 0 | X74: =SUM(U74:W74) -> 0 | Y74: 8 | Z74: 0 | AA74: 0 | AB74: =SUM(Y74:AA74) -> 8 | AC74: 56 | AD74: 0 | AE74: 0 | AF74: =SUM(AC74:AE74) -> 56 | AG74: 72 | AH74: 2 | AI74: 6 | AJ74: =SUM(AG74:AI74) -> 80 | AK74: 5 | AL74: 0 | AM74: 0 | AN74: =SUM(AK74:AM74) -> 5 | AO74: 2 | AP74: 0 | AQ74: 0 | AR74: =SUM(AO74:AQ74) -> 2 | AS74: 9 | AT74: 0 | AU74: 0 | AV74: =SUM(AS74:AU74) -> 9 | AW74: 10 | AX74: 0 | AY74: 0 | AZ74: =SUM(AW74:AY74) -> 10 | BA74: 8 | BB74: 0 | BC74: 0 | BD74: =SUM(BA74:BC74) -> 8 | BE74: 7 | BF74: 0 | BG74: 0 | BH74: =SUM(BE74:BG74) -> 7 | BI74: 0 | BJ74: 0 | BK74: 0 | BL74: =SUM(BI74:BK74) -> 0
B75: =+D74 -> 0.62500002 | C75: to | D75: =SUM(0.0416667/4)+B75 -> 0.63541669 | E75: 21 | F75: 0 | G75: 0 | H75: =SUM(E75:G75) -> 21 | I75: 106 | J75: 2 | K75: 0 | L75: =SUM(I75:K75) -> 108 | M75: 9 | N75: 0 | O75: 0 | P75: =SUM(M75:O75) -> 9 | Q75: 8 | R75: 0 | S75: 0 | T75: =SUM(Q75:S75) -> 8 | U75: 0 | V75: 0 | W75: 0 | X75: =SUM(U75:W75) -> 0 | Y75: 14 | Z75: 0 | AA75: 0 | AB75: =SUM(Y75:AA75) -> 14 | AC75: 53 | AD75: 0 | AE75: 0 | AF75: =SUM(AC75:AE75) -> 53 | AG75: 72 | AH75: 0 | AI75: 2 | AJ75: =SUM(AG75:AI75) -> 74 | AK75: 12 | AL75: 0 | AM75: 0 | AN75: =SUM(AK75:AM75) -> 12 | AO75: 3 | AP75: 0 | AQ75: 0 | AR75: =SUM(AO75:AQ75) -> 3 | AS75: 11 | AT75: 0 | AU75: 0 | AV75: =SUM(AS75:AU75) -> 11 | AW75: 3 | AX75: 0 | AY75: 0 | AZ75: =SUM(AW75:AY75) -> 3 | BA75: 6 | BB75: 0 | BC75: 0 | BD75: =SUM(BA75:BC75) -> 6 | BE75: 8 | BF75: 0 | BG75: 0 | BH75: =SUM(BE75:BG75) -> 8 | BI75: 0 | BJ75: 0 | BK75: 0 | BL75: =SUM(BI75:BK75) -> 0
B76: =+D75 -> 0.63541669 | C76: to | D76: =SUM(0.0416667/4)+B76 -> 0.64583337 | E76: 19 | F76: 0 | G76: 0 | H76: =SUM(E76:G76) -> 19 | I76: 139 | J76: 1 | K76: 0 | L76: =SUM(I76:K76) -> 140 | M76: 3 | N76: 0 | O76: 0 | P76: =SUM(M76:O76) -> 3 | Q76: 8 | R76: 0 | S76: 0 | T76: =SUM(Q76:S76) -> 8 | U76: 1 | V76: 0 | W76: 0 | X76: =SUM(U76:W76) -> 1 | Y76: 11 | Z76: 0 | AA76: 0 | AB76: =SUM(Y76:AA76) -> 11 | AC76: 66 | AD76: 1 | AE76: 0 | AF76: =SUM(AC76:AE76) -> 67 | AG76: 61 | AH76: 0 | AI76: 3 | AJ76: =SUM(AG76:AI76) -> 64 | AK76: 14 | AL76: 0 | AM76: 0 | AN76: =SUM(AK76:AM76) -> 14 | AO76: 5 | AP76: 0 | AQ76: 0 | AR76: =SUM(AO76:AQ76) -> 5 | AS76: 6 | AT76: 0 | AU76: 0 | AV76: =SUM(AS76:AU76) -> 6 | AW76: 4 | AX76: 0 | AY76: 0 | AZ76: =SUM(AW76:AY76) -> 4 | BA76: 3 | BB76: 0 | BC76: 0 | BD76: =SUM(BA76:BC76) -> 3 | BE76: 7 | BF76: 1 | BG76: 0 | BH76: =SUM(BE76:BG76) -> 8 | BI76: 0 | BJ76: 0 | BK76: 0 | BL76: =SUM(BI76:BK76) -> 0
B77: =+D76 -> 0.64583337 | C77: to | D77: =SUM(0.0416667/4)+B77 -> 0.65625004 | E77: 27 | F77: 0 | G77: 0 | H77: =SUM(E77:G77) -> 27 | I77: 123 | J77: 1 | K77: 0 | L77: =SUM(I77:K77) -> 124 | M77: 11 | N77: 1 | O77: 0 | P77: =SUM(M77:O77) -> 12 | Q77: 8 | R77: 0 | S77: 0 | T77: =SUM(Q77:S77) -> 8 | U77: 1 | V77: 0 | W77: 0 | X77: =SUM(U77:W77) -> 1 | Y77: 5 | Z77: 0 | AA77: 0 | AB77: =SUM(Y77:AA77) -> 5 | AC77: 53 | AD77: 1 | AE77: 0 | AF77: =SUM(AC77:AE77) -> 54 | AG77: 74 | AH77: 1 | AI77: 3 | AJ77: =SUM(AG77:AI77) -> 78 | AK77: 11 | AL77: 0 | AM77: 0 | AN77: =SUM(AK77:AM77) -> 11 | AO77: 5 | AP77: 0 | AQ77: 0 | AR77: =SUM(AO77:AQ77) -> 5 | AS77: 6 | AT77: 0 | AU77: 0 | AV77: =SUM(AS77:AU77) -> 6 | AW77: 2 | AX77: 0 | AY77: 0 | AZ77: =SUM(AW77:AY77) -> 2 | BA77: 1 | BB77: 0 | BC77: 0 | BD77: =SUM(BA77:BC77) -> 1 | BE77: 5 | BF77: 0 | BG77: 0 | BH77: =SUM(BE77:BG77) -> 5 | BI77: 0 | BJ77: 0 | BK77: 0 | BL77: =SUM(BI77:BK77) -> 0
B78: =+D77 -> 0.65625004 | C78: to | D78: =SUM(0.0416667/4)+B78 -> 0.66666672 | E78: 14 | F78: 0 | G78: 0 | H78: =SUM(E78:G78) -> 14 | I78: 125 | J78: 0 | K78: 0 | L78: =SUM(I78:K78) -> 125 | M78: 6 | N78: 0 | O78: 0 | P78: =SUM(M78:O78) -> 6 | Q78: 8 | R78: 0 | S78: 0 | T78: =SUM(Q78:S78) -> 8 | U78: 0 | V78: 0 | W78: 0 | X78: =SUM(U78:W78) -> 0 | Y78: 10 | Z78: 0 | AA78: 0 | AB78: =SUM(Y78:AA78) -> 10 | AC78: 70 | AD78: 1 | AE78: 0 | AF78: =SUM(AC78:AE78) -> 71 | AG78: 88 | AH78: 4 | AI78: 7 | AJ78: =SUM(AG78:AI78) -> 99 | AK78: 7 | AL78: 0 | AM78: 0 | AN78: =SUM(AK78:AM78) -> 7 | AO78: 0 | AP78: 0 | AQ78: 0 | AR78: =SUM(AO78:AQ78) -> 0 | AS78: 7 | AT78: 0 | AU78: 0 | AV78: =SUM(AS78:AU78) -> 7 | AW78: 6 | AX78: 0 | AY78: 0 | AZ78: =SUM(AW78:AY78) -> 6 | BA78: 3 | BB78: 0 | BC78: 0 | BD78: =SUM(BA78:BC78) -> 3 | BE78: 5 | BF78: 0 | BG78: 0 | BH78: =SUM(BE78:BG78) -> 5 | BI78: 0 | BJ78: 0 | BK78: 0 | BL78: =SUM(BI78:BK78) -> 0
B79: =+D78 -> 0.66666672 | C79: to | D79: =SUM(0.0416667/4)+B79 -> 0.67708339 | E79: 12 | F79: 0 | G79: 0 | H79: =SUM(E79:G79) -> 12 | I79: 126 | J79: 1 | K79: 0 | L79: =SUM(I79:K79) -> 127 | M79: 2 | N79: 0 | O79: 0 | P79: =SUM(M79:O79) -> 2 | Q79: 15 | R79: 0 | S79: 0 | T79: =SUM(Q79:S79) -> 15 | U79: 0 | V79: 0 | W79: 0 | X79: =SUM(U79:W79) -> 0 | Y79: 7 | Z79: 0 | AA79: 0 | AB79: =SUM(Y79:AA79) -> 7 | AC79: 72 | AD79: 2 | AE79: 0 | AF79: =SUM(AC79:AE79) -> 74 | AG79: 83 | AH79: 2 | AI79: 8 | AJ79: =SUM(AG79:AI79) -> 93 | AK79: 9 | AL79: 0 | AM79: 0 | AN79: =SUM(AK79:AM79) -> 9 | AO79: 4 | AP79: 0 | AQ79: 0 | AR79: =SUM(AO79:AQ79) -> 4 | AS79: 6 | AT79: 0 | AU79: 0 | AV79: =SUM(AS79:AU79) -> 6 | AW79: 5 | AX79: 0 | AY79: 0 | AZ79: =SUM(AW79:AY79) -> 5 | BA79: 7 | BB79: 0 | BC79: 0 | BD79: =SUM(BA79:BC79) -> 7 | BE79: 4 | BF79: 0 | BG79: 0 | BH79: =SUM(BE79:BG79) -> 4 | BI79: 1 | BJ79: 0 | BK79: 0 | BL79: =SUM(BI79:BK79) -> 1
B80: =+D79 -> 0.67708339 | C80: to | D80: =SUM(0.0416667/4)+B80 -> 0.68750007 | E80: 12 | F80: 1 | G80: 0 | H80: =SUM(E80:G80) -> 13 | I80: 155 | J80: 0 | K80: 0 | L80: =SUM(I80:K80) -> 155 | M80: 6 | N80: 0 | O80: 0 | P80: =SUM(M80:O80) -> 6 | Q80: 7 | R80: 0 | S80: 0 | T80: =SUM(Q80:S80) -> 7 | U80: 1 | V80: 0 | W80: 0 | X80: =SUM(U80:W80) -> 1 | Y80: 10 | Z80: 1 | AA80: 0 | AB80: =SUM(Y80:AA80) -> 11 | AC80: 61 | AD80: 1 | AE80: 0 | AF80: =SUM(AC80:AE80) -> 62 | AG80: 101 | AH80: 2 | AI80: 6 | AJ80: =SUM(AG80:AI80) -> 109 | AK80: 10 | AL80: 0 | AM80: 0 | AN80: =SUM(AK80:AM80) -> 10 | AO80: 0 | AP80: 0 | AQ80: 0 | AR80: =SUM(AO80:AQ80) -> 0 | AS80: 9 | AT80: 0 | AU80: 0 | AV80: =SUM(AS80:AU80) -> 9 | AW80: 4 | AX80: 0 | AY80: 0 | AZ80: =SUM(AW80:AY80) -> 4 | BA80: 11 | BB80: 0 | BC80: 0 | BD80: =SUM(BA80:BC80) -> 11 | BE80: 9 | BF80: 0 | BG80: 0 | BH80: =SUM(BE80:BG80) -> 9 | BI80: 0 | BJ80: 0 | BK80: 0 | BL80: =SUM(BI80:BK80) -> 0
B81: =+D80 -> 0.68750007 | C81: to | D81: =SUM(0.0416667/4)+B81 -> 0.69791674 | E81: 19 | F81: 0 | G81: 0 | H81: =SUM(E81:G81) -> 19 | I81: 151 | J81: 0 | K81: 0 | L81: =SUM(I81:K81) -> 151 | M81: 4 | N81: 1 | O81: 0 | P81: =SUM(M81:O81) -> 5 | Q81: 11 | R81: 0 | S81: 0 | T81: =SUM(Q81:S81) -> 11 | U81: 1 | V81: 0 | W81: 0 | X81: =SUM(U81:W81) -> 1 | Y81: 9 | Z81: 0 | AA81: 0 | AB81: =SUM(Y81:AA81) -> 9 | AC81: 57 | AD81: 0 | AE81: 0 | AF81: =SUM(AC81:AE81) -> 57 | AG81: 85 | AH81: 1 | AI81: 7 | AJ81: =SUM(AG81:AI81) -> 93 | AK81: 10 | AL81: 0 | AM81: 0 | AN81: =SUM(AK81:AM81) -> 10 | AO81: 3 | AP81: 0 | AQ81: 0 | AR81: =SUM(AO81:AQ81) -> 3 | AS81: 8 | AT81: 0 | AU81: 0 | AV81: =SUM(AS81:AU81) -> 8 | AW81: 1 | AX81: 0 | AY81: 0 | AZ81: =SUM(AW81:AY81) -> 1 | BA81: 10 | BB81: 0 | BC81: 0 | BD81: =SUM(BA81:BC81) -> 10 | BE81: 8 | BF81: 0 | BG81: 0 | BH81: =SUM(BE81:BG81) -> 8 | BI81: 0 | BJ81: 0 | BK81: 0 | BL81: =SUM(BI81:BK81) -> 0
B82: =+D81 -> 0.69791674 | C82: to | D82: =SUM(0.0416667/4)+B82 -> 0.70833342 | E82: 24 | F82: 0 | G82: 0 | H82: =SUM(E82:G82) -> 24 | I82: 140 | J82: 1 | K82: 0 | L82: =SUM(I82:K82) -> 141 | M82: 10 | N82: 0 | O82: 0 | P82: =SUM(M82:O82) -> 10 | Q82: 10 | R82: 0 | S82: 0 | T82: =SUM(Q82:S82) -> 10 | U82: 1 | V82: 0 | W82: 0 | X82: =SUM(U82:W82) -> 1 | Y82: 8 | Z82: 0 | AA82: 0 | AB82: =SUM(Y82:AA82) -> 8 | AC82: 63 | AD82: 3 | AE82: 0 | AF82: =SUM(AC82:AE82) -> 66 | AG82: 73 | AH82: 1 | AI82: 4 | AJ82: =SUM(AG82:AI82) -> 78 | AK82: 14 | AL82: 0 | AM82: 0 | AN82: =SUM(AK82:AM82) -> 14 | AO82: 5 | AP82: 0 | AQ82: 0 | AR82: =SUM(AO82:AQ82) -> 5 | AS82: 9 | AT82: 0 | AU82: 0 | AV82: =SUM(AS82:AU82) -> 9 | AW82: 6 | AX82: 0 | AY82: 0 | AZ82: =SUM(AW82:AY82) -> 6 | BA82: 7 | BB82: 0 | BC82: 0 | BD82: =SUM(BA82:BC82) -> 7 | BE82: 9 | BF82: 0 | BG82: 0 | BH82: =SUM(BE82:BG82) -> 9 | BI82: 0 | BJ82: 0 | BK82: 0 | BL82: =SUM(BI82:BK82) -> 0
B83: =+D82 -> 0.70833342 | C83: to | D83: =SUM(0.0416667/4)+B83 -> 0.71875009 | E83: 29 | F83: 0 | G83: 0 | H83: =SUM(E83:G83) -> 29 | I83: 148 | J83: 3 | K83: 0 | L83: =SUM(I83:K83) -> 151 | M83: 10 | N83: 0 | O83: 0 | P83: =SUM(M83:O83) -> 10 | Q83: 18 | R83: 0 | S83: 0 | T83: =SUM(Q83:S83) -> 18 | U83: 2 | V83: 0 | W83: 0 | X83: =SUM(U83:W83) -> 2 | Y83: 5 | Z83: 0 | AA83: 0 | AB83: =SUM(Y83:AA83) -> 5 | AC83: 53 | AD83: 0 | AE83: 0 | AF83: =SUM(AC83:AE83) -> 53 | AG83: 81 | AH83: 0 | AI83: 5 | AJ83: =SUM(AG83:AI83) -> 86 | AK83: 7 | AL83: 0 | AM83: 0 | AN83: =SUM(AK83:AM83) -> 7 | AO83: 1 | AP83: 0 | AQ83: 0 | AR83: =SUM(AO83:AQ83) -> 1 | AS83: 10 | AT83: 0 | AU83: 0 | AV83: =SUM(AS83:AU83) -> 10 | AW83: 9 | AX83: 0 | AY83: 0 | AZ83: =SUM(AW83:AY83) -> 9 | BA83: 9 | BB83: 0 | BC83: 0 | BD83: =SUM(BA83:BC83) -> 9 | BE83: 7 | BF83: 0 | BG83: 0 | BH83: =SUM(BE83:BG83) -> 7 | BI83: 0 | BJ83: 0 | BK83: 0 | BL83: =SUM(BI83:BK83) -> 0
B84: =+D83 -> 0.71875009 | C84: to | D84: =SUM(0.0416667/4)+B84 -> 0.72916677 | E84: 19 | F84: 0 | G84: 0 | H84: =SUM(E84:G84) -> 19 | I84: 122 | J84: 0 | K84: 0 | L84: =SUM(I84:K84) -> 122 | M84: 17 | N84: 0 | O84: 0 | P84: =SUM(M84:O84) -> 17 | Q84: 4 | R84: 0 | S84: 0 | T84: =SUM(Q84:S84) -> 4 | U84: 0 | V84: 0 | W84: 0 | X84: =SUM(U84:W84) -> 0 | Y84: 10 | Z84: 0 | AA84: 0 | AB84: =SUM(Y84:AA84) -> 10 | AC84: 62 | AD84: 0 | AE84: 0 | AF84: =SUM(AC84:AE84) -> 62 | AG84: 86 | AH84: 1 | AI84: 5 | AJ84: =SUM(AG84:AI84) -> 92 | AK84: 14 | AL84: 0 | AM84: 0 | AN84: =SUM(AK84:AM84) -> 14 | AO84: 2 | AP84: 0 | AQ84: 0 | AR84: =SUM(AO84:AQ84) -> 2 | AS84: 11 | AT84: 0 | AU84: 0 | AV84: =SUM(AS84:AU84) -> 11 | AW84: 6 | AX84: 0 | AY84: 0 | AZ84: =SUM(AW84:AY84) -> 6 | BA84: 9 | BB84: 0 | BC84: 0 | BD84: =SUM(BA84:BC84) -> 9 | BE84: 4 | BF84: 0 | BG84: 0 | BH84: =SUM(BE84:BG84) -> 4 | BI84: 0 | BJ84: 0 | BK84: 0 | BL84: =SUM(BI84:BK84) -> 0
B85: =+D84 -> 0.72916677 | C85: to | D85: =SUM(0.0416667/4)+B85 -> 0.73958344 | E85: 27 | F85: 0 | G85: 0 | H85: =SUM(E85:G85) -> 27 | I85: 152 | J85: 0 | K85: 0 | L85: =SUM(I85:K85) -> 152 | M85: 10 | N85: 0 | O85: 0 | P85: =SUM(M85:O85) -> 10 | Q85: 12 | R85: 0 | S85: 0 | T85: =SUM(Q85:S85) -> 12 | U85: 0 | V85: 0 | W85: 0 | X85: =SUM(U85:W85) -> 0 | Y85: 13 | Z85: 0 | AA85: 0 | AB85: =SUM(Y85:AA85) -> 13 | AC85: 48 | AD85: 1 | AE85: 0 | AF85: =SUM(AC85:AE85) -> 49 | AG85: 89 | AH85: 2 | AI85: 5 | AJ85: =SUM(AG85:AI85) -> 96 | AK85: 15 | AL85: 0 | AM85: 0 | AN85: =SUM(AK85:AM85) -> 15 | AO85: 2 | AP85: 0 | AQ85: 0 | AR85: =SUM(AO85:AQ85) -> 2 | AS85: 10 | AT85: 0 | AU85: 0 | AV85: =SUM(AS85:AU85) -> 10 | AW85: 8 | AX85: 0 | AY85: 0 | AZ85: =SUM(AW85:AY85) -> 8 | BA85: 10 | BB85: 0 | BC85: 0 | BD85: =SUM(BA85:BC85) -> 10 | BE85: 6 | BF85: 0 | BG85: 0 | BH85: =SUM(BE85:BG85) -> 6 | BI85: 0 | BJ85: 0 | BK85: 0 | BL85: =SUM(BI85:BK85) -> 0
... B88: =+D87 -> 0.76041679 | C88: to | D88: =SUM(0.0416667/4)+B88 -> 0.77083347 | E88: 16 | F88: 0 | G88: 0 | H88: =SUM(E88:G88) -> 16 | I88: 128 | J88: 1 | K88: 0 | L88: =SUM(I88:K88) -> 129 | M88: 7 | N88: 0 | O88: 0 | P88: =SUM(M88:O88) -> 7 | Q88: 10 | R88: 0 | S88: 0 | T88: =SUM(Q88:S88) -> 10 | U88: 2 | V88: 0 | W88: 0 | X88: =SUM(U88:W88) -> 2 | Y88: 10 | Z88: 0 | AA88: 0 | AB88: =SUM(Y88:AA88) -> 10 | AC88: 45 | AD88: 0 | AE88: 0 | AF88: =SUM(AC88:AE88) -> 45 | AG88: 47 | AH88: 0 | AI88: 6 | AJ88: =SUM(AG88:AI88) -> 53 | AK88: 11 | AL88: 0 | AM88: 0 | AN88: =SUM(AK88:AM88) -> 11 | AO88: 4 | AP88: 0 | AQ88: 0 | AR88: =SUM(AO88:AQ88) -> 4 | AS88: 14 | AT88: 0 | AU88: 0 | AV88: =SUM(AS88:AU88) -> 14 | AW88: 5 | AX88: 0 | AY88: 0 | AZ88: =SUM(AW88:AY88) -> 5 | BA88: 5 | BB88: 0 | BC88: 0 | BD88: =SUM(BA88:BC88) -> 5 | BE88: 6 | BF88: 0 | BG88: 0 | BH88: =SUM(BE88:BG88) -> 6 | BI88: 0 | BJ88: 0 | BK88: 0 | BL88: =SUM(BI88:BK88) -> 0
B89: =B51 -> PM Totals | E89: =SUM(E73:E88) -> 311 | F89: =SUM(F73:F88) -> 1 | G89: =SUM(G73:G88) -> 0 | H89: =SUM(E89:G89) -> 312 | I89: =SUM(I73:I88) -> 2054 | J89: =SUM(J73:J88) -> 16 | K89: =SUM(K73:K88) -> 1 | L89: =SUM(I89:K89) -> 2071 | M89: =SUM(M73:M88) -> 121 | N89: =SUM(N73:N88) -> 2 | O89: =SUM(O73:O88) -> 0 | P89: =SUM(M89:O89) -> 123 | Q89: =SUM(Q73:Q88) -> 155 | R89: =SUM(R73:R88) -> 1 | S89: =SUM(S73:S88) -> 0 | T89: =SUM(Q89:S89) -> 156 | U89: =SUM(U73:U88) -> 10 | V89: =SUM(V73:V88) -> 0 | W89: =SUM(W73:W88) -> 0 | X89: =SUM(U89:W89) -> 10 | Y89: =SUM(Y73:Y88) -> 148 | Z89: =SUM(Z73:Z88) -> 1 | AA89: =SUM(AA73:AA88) -> 0 | AB89: =SUM(Y89:AA89) -> 149 | AC89: =SUM(AC73:AC88) -> 890 | AD89: =SUM(AD73:AD88) -> 13 | AE89: =SUM(AE73:AE88) -> 0 | AF89: =SUM(AC89:AE89) -> 903 | AG89: =SUM(AG73:AG88) -> 1214 | AH89: =SUM(AH73:AH88) -> 19 | AI89: =SUM(AI73:AI88) -> 83 | AJ89: =SUM(AG89:AI89) -> 1316 | AK89: =SUM(AK73:AK88) -> 163 | AL89: =SUM(AL73:AL88) -> 0 | AM89: =SUM(AM73:AM88) -> 0 | AN89: =SUM(AK89:AM89) -> 163 | AO89: =SUM(AO73:AO88) -> 42 | AP89: =SUM(AP73:AP88) -> 0 | AQ89: =SUM(AQ73:AQ88) -> 0 | AR89: =SUM(AO89:AQ89) -> 42 | AS89: =SUM(AS73:AS88) -> 139 | AT89: =SUM(AT73:AT88) -> 0 | AU89: =SUM(AU73:AU88) -> 0 | AV89: =SUM(AS89:AU89) -> 139 | AW89: =SUM(AW73:AW88) -> 80 | AX89: =SUM(AX73:AX88) -> 0 | AY89: =SUM(AY73:AY88) -> 0 | AZ89: =SUM(AW89:AY89) -> 80 | BA89: =SUM(BA73:BA88) -> 107 | BB89: =SUM(BB73:BB88) -> 0 | BC89: =SUM(BC73:BC88) -> 0 | BD89: =SUM(BA89:BC89) -> 107 | BE89: =SUM(BE73:BE88) -> 109 | BF89: =SUM(BF73:BF88) -> 1 | BG89: =SUM(BG73:BG88) -> 0 | BH89: =SUM(BE89:BG89) -> 110 | BI89: =SUM(BI73:BI88) -> 1 | BJ89: =SUM(BJ73:BJ88) -> 0 | BK89: =SUM(BK73:BK88) -> 0 | BL89: =SUM(BI89:BK89) -> 1
U92: =U2 -> Great N Rd
B93: Job No. | E93: =E3 -> : NZNth13356 | S93: =S3 -> Wingate St | AA93: =AA3 -> St Jude St
B94: Client | E94: =E4 -> : Auckland Transport
B95: Suburb | E95: =E5 -> : Preston Road Surveys
B96: Location | E96: =E6 -> : 2. Great N Rd / St Georges Rd / St Jude St / Wingate St
B98: Day/Date | E98: =E8 -> : Wed, 3 September 2025
B99: Weather | E99: =E9 -> : Fine
B100: Description | E100: =E10 -> : Classified Intersection Count
E101: : Hourly Summary
S102: =S12 -> Great N Rd | X102: =X12 -> St Georges Rd
B104: Approach | E104: =S102 -> Great N Rd | Y104: =X102 -> St Georges Rd
B105: Direction | E105: Direction 1 | I105: Direction 2 | M105: Direction 3 | Q105: Direction 4 | U105: Direction 4U | Y105: Direction 5 | AC105: Direction 6 | AG105: Direction 7 | AK105: Direction 8 | AO105: Direction 8U
B106: Time Period | E106: =$E$13 -> Lights | F106: =$G$13 -> Heavies | G106: =$I$13 -> Buses | H106: Total | I106: =$E$13 -> Lights | J106: =$G$13 -> Heavies | K106: =$I$13 -> Buses | L106: Total | M106: =$E$13 -> Lights | N106: =$G$13 -> Heavies | O106: =$I$13 -> Buses | P106: Total | Q106: =$E$13 -> Lights | R106: =$G$13 -> Heavies | S106: =$I$13 -> Buses | T106: Total | U106: =$E$13 -> Lights | V106: =$G$13 -> Heavies | W106: =$I$13 -> Buses | X106: Total | Y106: =$E$13 -> Lights | Z106: =$G$13 -> Heavies | AA106: =$I$13 -> Buses | AB106: Total | AC106: =$E$13 -> Lights | AD106: =$G$13 -> Heavies | AE106: =$I$13 -> Buses | AF106: Total | AG106: =$E$13 -> Lights | AH106: =$G$13 -> Heavies | AI106: =$I$13 -> Buses | AJ106: Total | AK106: =$E$13 -> Lights | AL106: =$G$13 -> Heavies | AM106: =$I$13 -> Buses | AN106: Total | AO106: =$E$13 -> Lights | AP106: =$G$13 -> Heavies | AQ106: =$I$13 -> Buses | AR106: Total
B107: =B18 -> 0.25 | C107: to | D107: =SUM(0.04166667)+B107 -> 0.29166667 | E107: =SUM(E18:E21) -> 3 | F107: =SUM(F18:F21) -> 0 | G107: =SUM(G18:G21) -> 0 | H107: =SUM(E107:G107) -> 3 | I107: =SUM(I18:I21) -> 115 | J107: =SUM(J18:J21) -> 4 | K107: =SUM(K18:K21) -> 17 | L107: =SUM(I107:K107) -> 136 | M107: =SUM(M18:M21) -> 496 | N107: =SUM(N18:N21) -> 7 | O107: =SUM(O18:O21) -> 1 | P107: =SUM(M107:O107) -> 504 | Q107: =SUM(Q18:Q21) -> 34 | R107: =SUM(R18:R21) -> 1 | S107: =SUM(S18:S21) -> 0 | T107: =SUM(Q107:S107) -> 35 | U107: =SUM(U18:U21) -> 1 | V107: =SUM(V18:V21) -> 0 | W107: =SUM(W18:W21) -> 0 | X107: =SUM(U107:W107) -> 1 | Y107: =SUM(Y18:Y21) -> 12 | Z107: =SUM(Z18:Z21) -> 0 | AA107: =SUM(AA18:AA21) -> 0 | AB107: =SUM(Y107:AA107) -> 12 | AC107: =SUM(AC18:AC21) -> 6 | AD107: =SUM(AD18:AD21) -> 1 | AE107: =SUM(AE18:AE21) -> 0 | AF107: =SUM(AC107:AE107) -> 7 | AG107: =SUM(AG18:AG21) -> 106 | AH107: =SUM(AH18:AH21) -> 1 | AI107: =SUM(AI18:AI21) -> 0 | AJ107: =SUM(AG107:AI107) -> 107 | AK107: =SUM(AK18:AK21) -> 35 | AL107: =SUM(AL18:AL21) -> 0 | AM107: =SUM(AM18:AM21) -> 0 | AN107: =SUM(AK107:AM107) -> 35 | AO107: =SUM(AO18:AO21) -> 0 | AP107: =SUM(AP18:AP21) -> 0 | AQ107: =SUM(AQ18:AQ21) -> 0 | AR107: =SUM(AO107:AQ107) -> 0
B108: =SUM(0.04166667/4+B107) -> 0.26041667 | C108: to | D108: =SUM(0.04166667)+B108 -> 0.30208334 | E108: =SUM(E19:E22) -> 4 | F108: =SUM(F19:F22) -> 0 | G108: =SUM(G19:G22) -> 0 | H108: =SUM(E108:G108) -> 4 | I108: =SUM(I19:I22) -> 123 | J108: =SUM(J19:J22) -> 3 | K108: =SUM(K19:K22) -> 18 | L108: =SUM(I108:K108) -> 144 | M108: =SUM(M19:M22) -> 626 | N108: =SUM(N19:N22) -> 9 | O108: =SUM(O19:O22) -> 1 | P108: =SUM(M108:O108) -> 636 | Q108: =SUM(Q19:Q22) -> 35 | R108: =SUM(R19:R22) -> 1 | S108: =SUM(S19:S22) -> 0 | T108: =SUM(Q108:S108) -> 36 | U108: =SUM(U19:U22) -> 1 | V108: =SUM(V19:V22) -> 0 | W108: =SUM(W19:W22) -> 0 | X108: =SUM(U108:W108) -> 1 | Y108: =SUM(Y19:Y22) -> 15 | Z108: =SUM(Z19:Z22) -> 0 | AA108: =SUM(AA19:AA22) -> 0 | AB108: =SUM(Y108:AA108) -> 15 | AC108: =SUM(AC19:AC22) -> 6 | AD108: =SUM(AD19:AD22) -> 1 | AE108: =SUM(AE19:AE22) -> 0 | AF108: =SUM(AC108:AE108) -> 7 | AG108: =SUM(AG19:AG22) -> 118 | AH108: =SUM(AH19:AH22) -> 1 | AI108: =SUM(AI19:AI22) -> 0 | AJ108: =SUM(AG108:AI108) -> 119 | AK108: =SUM(AK19:AK22) -> 47 | AL108: =SUM(AL19:AL22) -> 0 | AM108: =SUM(AM19:AM22) -> 0 | AN108: =SUM(AK108:AM108) -> 47 | AO108: =SUM(AO19:AO22) -> 0 | AP108: =SUM(AP19:AP22) -> 0 | AQ108: =SUM(AQ19:AQ22) -> 0 | AR108: =SUM(AO108:AQ108) -> 0
B109: =SUM(0.04166667/4+B108) -> 0.27083333 | C109: to | D109: =SUM(0.04166667)+B109 -> 0.3125 | E109: =SUM(E20:E23) -> 4 | F109: =SUM(F20:F23) -> 0 | G109: =SUM(G20:G23) -> 0 | H109: =SUM(E109:G109) -> 4 | I109: =SUM(I20:I23) -> 132 | J109: =SUM(J20:J23) -> 5 | K109: =SUM(K20:K23) -> 22 | L109: =SUM(I109:K109) -> 159 | M109: =SUM(M20:M23) -> 697 | N109: =SUM(N20:N23) -> 9 | O109: =SUM(O20:O23) -> 0 | P109: =SUM(M109:O109) -> 706 | Q109: =SUM(Q20:Q23) -> 32 | R109: =SUM(R20:R23) -> 2 | S109: =SUM(S20:S23) -> 0 | T109: =SUM(Q109:S109) -> 34 | U109: =SUM(U20:U23) -> 2 | V109: =SUM(V20:V23) -> 0 | W109: =SUM(W20:W23) -> 0 | X109: =SUM(U109:W109) -> 2 | Y109: =SUM(Y20:Y23) -> 22 | Z109: =SUM(Z20:Z23) -> 0 | AA109: =SUM(AA20:AA23) -> 0 | AB109: =SUM(Y109:AA109) -> 22 | AC109: =SUM(AC20:AC23) -> 6 | AD109: =SUM(AD20:AD23) -> 0 | AE109: =SUM(AE20:AE23) -> 0 | AF109: =SUM(AC109:AE109) -> 6 | AG109: =SUM(AG20:AG23) -> 141 | AH109: =SUM(AH20:AH23) -> 4 | AI109: =SUM(AI20:AI23) -> 0 | AJ109: =SUM(AG109:AI109) -> 145 | AK109: =SUM(AK20:AK23) -> 61 | AL109: =SUM(AL20:AL23) -> 0 | AM109: =SUM(AM20:AM23) -> 0 | AN109: =SUM(AK109:AM109) -> 61 | AO109: =SUM(AO20:AO23) -> 0 | AP109: =SUM(AP20:AP23) -> 0 | AQ109: =SUM(AQ20:AQ23) -> 0 | AR109: =SUM(AO109:AQ109) -> 0
B110: =SUM(0.04166667/4+B109) -> 0.28125 | C110: to | D110: =SUM(0.04166667)+B110 -> 0.32291667 | E110: =SUM(E21:E24) -> 2 | F110: =SUM(F21:F24) -> 0 | G110: =SUM(G21:G24) -> 0 | H110: =SUM(E110:G110) -> 2 | I110: =SUM(I21:I24) -> 142 | J110: =SUM(J21:J24) -> 6 | K110: =SUM(K21:K24) -> 23 | L110: =SUM(I110:K110) -> 171 | M110: =SUM(M21:M24) -> 708 | N110: =SUM(N21:N24) -> 8 | O110: =SUM(O21:O24) -> 0 | P110: =SUM(M110:O110) -> 716 | Q110: =SUM(Q21:Q24) -> 40 | R110: =SUM(R21:R24) -> 1 | S110: =SUM(S21:S24) -> 0 | T110: =SUM(Q110:S110) -> 41 | U110: =SUM(U21:U24) -> 2 | V110: =SUM(V21:V24) -> 0 | W110: =SUM(W21:W24) -> 0 | X110: =SUM(U110:W110) -> 2 | Y110: =SUM(Y21:Y24) -> 26 | Z110: =SUM(Z21:Z24) -> 0 | AA110: =SUM(AA21:AA24) -> 0 | AB110: =SUM(Y110:AA110) -> 26 | AC110: =SUM(AC21:AC24) -> 6 | AD110: =SUM(AD21:AD24) -> 0 | AE110: =SUM(AE21:AE24) -> 0 | AF110: =SUM(AC110:AE110) -> 6 | AG110: =SUM(AG21:AG24) -> 167 | AH110: =SUM(AH21:AH24) -> 5 | AI110: =SUM(AI21:AI24) -> 0 | AJ110: =SUM(AG110:AI110) -> 172 | AK110: =SUM(AK21:AK24) -> 83 | AL110: =SUM(AL21:AL24) -> 0 | AM110: =SUM(AM21:AM24) -> 0 | AN110: =SUM(AK110:AM110) -> 83 | AO110: =SUM(AO21:AO24) -> 0 | AP110: =SUM(AP21:AP24) -> 0 | AQ110: =SUM(AQ21:AQ24) -> 0 | AR110: =SUM(AO110:AQ110) -> 0
B111: =SUM(0.04166667/4+B110) -> 0.29166667 | C111: to | D111: =SUM(0.04166667)+B111 -> 0.33333334 | E111: =SUM(E22:E25) -> 2 | F111: =SUM(F22:F25) -> 0 | G111: =SUM(G22:G25) -> 0 | H111: =SUM(E111:G111) -> 2 | I111: =SUM(I22:I25) -> 148 | J111: =SUM(J22:J25) -> 6 | K111: =SUM(K22:K25) -> 24 | L111: =SUM(I111:K111) -> 178 | M111: =SUM(M22:M25) -> 657 | N111: =SUM(N22:N25) -> 4 | O111: =SUM(O22:O25) -> 0 | P111: =SUM(M111:O111) -> 661 | Q111: =SUM(Q22:Q25) -> 45 | R111: =SUM(R22:R25) -> 1 | S111: =SUM(S22:S25) -> 0 | T111: =SUM(Q111:S111) -> 46 | U111: =SUM(U22:U25) -> 2 | V111: =SUM(V22:V25) -> 0 | W111: =SUM(W22:W25) -> 0 | X111: =SUM(U111:W111) -> 2 | Y111: =SUM(Y22:Y25) -> 30 | Z111: =SUM(Z22:Z25) -> 0 | AA111: =SUM(AA22:AA25) -> 0 | AB111: =SUM(Y111:AA111) -> 30 | AC111: =SUM(AC22:AC25) -> 4 | AD111: =SUM(AD22:AD25) -> 0 | AE111: =SUM(AE22:AE25) -> 0 | AF111: =SUM(AC111:AE111) -> 4 | AG111: =SUM(AG22:AG25) -> 194 | AH111: =SUM(AH22:AH25) -> 4 | AI111: =SUM(AI22:AI25) -> 0 | AJ111: =SUM(AG111:AI111) -> 198 | AK111: =SUM(AK22:AK25) -> 104 | AL111: =SUM(AL22:AL25) -> 0 | AM111: =SUM(AM22:AM25) -> 0 | AN111: =SUM(AK111:AM111) -> 104 | AO111: =SUM(AO22:AO25) -> 1 | AP111: =SUM(AP22:AP25) -> 0 | AQ111: =SUM(AQ22:AQ25) -> 0 | AR111: =SUM(AO111:AQ111) -> 1
B112: =SUM(0.04166667/4+B111) -> 0.30208334 | C112: to | D112: =SUM(0.04166667)+B112 -> 0.34375001 | E112: =SUM(E23:E26) -> 1 | F112: =SUM(F23:F26) -> 0 | G112: =SUM(G23:G26) -> 0 | H112: =SUM(E112:G112) -> 1 | I112: =SUM(I23:I26) -> 137 | J112: =SUM(J23:J26) -> 6 | K112: =SUM(K23:K26) -> 25 | L112: =SUM(I112:K112) -> 168 | M112: =SUM(M23:M26) -> 594 | N112: =SUM(N23:N26) -> 4 | O112: =SUM(O23:O26) -> 0 | P112: =SUM(M112:O112) -> 598 | Q112: =SUM(Q23:Q26) -> 46 | R112: =SUM(R23:R26) -> 2 | S112: =SUM(S23:S26) -> 0 | T112: =SUM(Q112:S112) -> 48 | U112: =SUM(U23:U26) -> 3 | V112: =SUM(V23:V26) -> 0 | W112: =SUM(W23:W26) -> 0 | X112: =SUM(U112:W112) -> 3 | Y112: =SUM(Y23:Y26) -> 38 | Z112: =SUM(Z23:Z26) -> 0 | AA112: =SUM(AA23:AA26) -> 0 | AB112: =SUM(Y112:AA112) -> 38 | AC112: =SUM(AC23:AC26) -> 7 | AD112: =SUM(AD23:AD26) -> 0 | AE112: =SUM(AE23:AE26) -> 0 | AF112: =SUM(AC112:AE112) -> 7 | AG112: =SUM(AG23:AG26) -> 240 | AH112: =SUM(AH23:AH26) -> 6 | AI112: =SUM(AI23:AI26) -> 0 | AJ112: =SUM(AG112:AI112) -> 246 | AK112: =SUM(AK23:AK26) -> 128 | AL112: =SUM(AL23:AL26) -> 1 | AM112: =SUM(AM23:AM26) -> 0 | AN112: =SUM(AK112:AM112) -> 129 | AO112: =SUM(AO23:AO26) -> 1 | AP112: =SUM(AP23:AP26) -> 0 | AQ112: =SUM(AQ23:AQ26) -> 0 | AR112: =SUM(AO112:AQ112) -> 1
B113: =SUM(0.04166667/4+B112) -> 0.3125 | C113: to | D113: =SUM(0.04166667)+B113 -> 0.35416667 | E113: =SUM(E24:E27) -> 1 | F113: =SUM(F24:F27) -> 0 | G113: =SUM(G24:G27) -> 0 | H113: =SUM(E113:G113) -> 1 | I113: =SUM(I24:I27) -> 136 | J113: =SUM(J24:J27) -> 3 | K113: =SUM(K24:K27) -> 24 | L113: =SUM(I113:K113) -> 163 | M113: =SUM(M24:M27) -> 536 | N113: =SUM(N24:N27) -> 3 | O113: =SUM(O24:O27) -> 0 | P113: =SUM(M113:O113) -> 539 | Q113: =SUM(Q24:Q27) -> 47 | R113: =SUM(R24:R27) -> 2 | S113: =SUM(S24:S27) -> 0 | T113: =SUM(Q113:S113) -> 49 | U113: =SUM(U24:U27) -> 2 | V113: =SUM(V24:V27) -> 0 | W113: =SUM(W24:W27) -> 0 | X113: =SUM(U113:W113) -> 2 | Y113: =SUM(Y24:Y27) -> 39 | Z113: =SUM(Z24:Z27) -> 0 | AA113: =SUM(AA24:AA27) -> 0 | AB113: =SUM(Y113:AA113) -> 39 | AC113: =SUM(AC24:AC27) -> 8 | AD113: =SUM(AD24:AD27) -> 0 | AE113: =SUM(AE24:AE27) -> 0 | AF113: =SUM(AC113:AE113) -> 8 | AG113: =SUM(AG24:AG27) -> 288 | AH113: =SUM(AH24:AH27) -> 5 | AI113: =SUM(AI24:AI27) -> 0 | AJ113: =SUM(AG113:AI113) -> 293 | AK113: =SUM(AK24:AK27) -> 143 | AL113: =SUM(AL24:AL27) -> 1 | AM113: =SUM(AM24:AM27) -> 0 | AN113: =SUM(AK113:AM113) -> 144 | AO113: =SUM(AO24:AO27) -> 1 | AP113: =SUM(AP24:AP27) -> 0 | AQ113: =SUM(AQ24:AQ27) -> 0 | AR113: =SUM(AO113:AQ113) -> 1
B114: =SUM(0.04166667/4+B113) -> 0.32291667 | C114: to | D114: =SUM(0.04166667)+B114 -> 0.36458334 | E114: =SUM(E25:E28) -> 3 | F114: =SUM(F25:F28) -> 0 | G114: =SUM(G25:G28) -> 0 | H114: =SUM(E114:G114) -> 3 | I114: =SUM(I25:I28) -> 142 | J114: =SUM(J25:J28) -> 3 | K114: =SUM(K25:K28) -> 22 | L114: =SUM(I114:K114) -> 167 | M114: =SUM(M25:M28) -> 485 | N114: =SUM(N25:N28) -> 3 | O114: =SUM(O25:O28) -> 0 | P114: =SUM(M114:O114) -> 488 | Q114: =SUM(Q25:Q28) -> 48 | R114: =SUM(R25:R28) -> 2 | S114: =SUM(S25:S28) -> 0 | T114: =SUM(Q114:S114) -> 50 | U114: =SUM(U25:U28) -> 1 | V114: =SUM(V25:V28) -> 0 | W114: =SUM(W25:W28) -> 0 | X114: =SUM(U114:W114) -> 1 | Y114: =SUM(Y25:Y28) -> 48 | Z114: =SUM(Z25:Z28) -> 0 | AA114: =SUM(AA25:AA28) -> 0 | AB114: =SUM(Y114:AA114) -> 48 | AC114: =SUM(AC25:AC28) -> 11 | AD114: =SUM(AD25:AD28) -> 0 | AE114: =SUM(AE25:AE28) -> 0 | AF114: =SUM(AC114:AE114) -> 11 | AG114: =SUM(AG25:AG28) -> 309 | AH114: =SUM(AH25:AH28) -> 5 | AI114: =SUM(AI25:AI28) -> 0 | AJ114: =SUM(AG114:AI114) -> 314 | AK114: =SUM(AK25:AK28) -> 146 | AL114: =SUM(AL25:AL28) -> 1 | AM114: =SUM(AM25:AM28) -> 0 | AN114: =SUM(AK114:AM114) -> 147 | AO114: =SUM(AO25:AO28) -> 2 | AP114: =SUM(AP25:AP28) -> 0 | AQ114: =SUM(AQ25:AQ28) -> 0 | AR114: =SUM(AO114:AQ114) -> 2
B115: =SUM(0.04166667/4+B114) -> 0.33333334 | C115: to | D115: =SUM(0.04166667)+B115 -> 0.37500001 | E115: =SUM(E26:E29) -> 3 | F115: =SUM(F26:F29) -> 0 | G115: =SUM(G26:G29) -> 0 | H115: =SUM(E115:G115) -> 3 | I115: =SUM(I26:I29) -> 152 | J115: =SUM(J26:J29) -> 7 | K115: =SUM(K26:K29) -> 20 | L115: =SUM(I115:K115) -> 179 | M115: =SUM(M26:M29) -> 440 | N115: =SUM(N26:N29) -> 5 | O115: =SUM(O26:O29) -> 0 | P115: =SUM(M115:O115) -> 445 | Q115: =SUM(Q26:Q29) -> 63 | R115: =SUM(R26:R29) -> 3 | S115: =SUM(S26:S29) -> 0 | T115: =SUM(Q115:S115) -> 66 | U115: =SUM(U26:U29) -> 2 | V115: =SUM(V26:V29) -> 0 | W115: =SUM(W26:W29) -> 0 | X115: =SUM(U115:W115) -> 2 | Y115: =SUM(Y26:Y29) -> 62 | Z115: =SUM(Z26:Z29) -> 0 | AA115: =SUM(AA26:AA29) -> 0 | AB115: =SUM(Y115:AA115) -> 62 | AC115: =SUM(AC26:AC29) -> 20 | AD115: =SUM(AD26:AD29) -> 1 | AE115: =SUM(AE26:AE29) -> 0 | AF115: =SUM(AC115:AE115) -> 21 | AG115: =SUM(AG26:AG29) -> 320 | AH115: =SUM(AH26:AH29) -> 5 | AI115: =SUM(AI26:AI29) -> 0 | AJ115: =SUM(AG115:AI115) -> 325 | AK115: =SUM(AK26:AK29) -> 139 | AL115: =SUM(AL26:AL29) -> 1 | AM115: =SUM(AM26:AM29) -> 0 | AN115: =SUM(AK115:AM115) -> 140 | AO115: =SUM(AO26:AO29) -> 1 | AP115: =SUM(AP26:AP29) -> 0 | AQ115: =SUM(AQ26:AQ29) -> 0 | AR115: =SUM(AO115:AQ115) -> 1
B116: =SUM(0.04166667/4+B115) -> 0.34375001 | C116: to | D116: =SUM(0.04166667)+B116 -> 0.38541668 | E116: =SUM(E27:E30) -> 3 | F116: =SUM(F27:F30) -> 0 | G116: =SUM(G27:G30) -> 0 | H116: =SUM(E116:G116) -> 3 | I116: =SUM(I27:I30) -> 186 | J116: =SUM(J27:J30) -> 8 | K116: =SUM(K27:K30) -> 21 | L116: =SUM(I116:K116) -> 215 | M116: =SUM(M27:M30) -> 408 | N116: =SUM(N27:N30) -> 5 | O116: =SUM(O27:O30) -> 0 | P116: =SUM(M116:O116) -> 413 | Q116: =SUM(Q27:Q30) -> 68 | R116: =SUM(R27:R30) -> 2 | S116: =SUM(S27:S30) -> 0 | T116: =SUM(Q116:S116) -> 70 | U116: =SUM(U27:U30) -> 2 | V116: =SUM(V27:V30) -> 0 | W116: =SUM(W27:W30) -> 0 | X116: =SUM(U116:W116) -> 2 | Y116: =SUM(Y27:Y30) -> 62 | Z116: =SUM(Z27:Z30) -> 3 | AA116: =SUM(AA27:AA30) -> 0 | AB116: =SUM(Y116:AA116) -> 65 | AC116: =SUM(AC27:AC30) -> 22 | AD116: =SUM(AD27:AD30) -> 1 | AE116: =SUM(AE27:AE30) -> 0 | AF116: =SUM(AC116:AE116) -> 23 | AG116: =SUM(AG27:AG30) -> 303 | AH116: =SUM(AH27:AH30) -> 4 | AI116: =SUM(AI27:AI30) -> 0 | AJ116: =SUM(AG116:AI116) -> 307 | AK116: =SUM(AK27:AK30) -> 116 | AL116: =SUM(AL27:AL30) -> 0 | AM116: =SUM(AM27:AM30) -> 0 | AN116: =SUM(AK116:AM116) -> 116 | AO116: =SUM(AO27:AO30) -> 2 | AP116: =SUM(AP27:AP30) -> 0 | AQ116: =SUM(AQ27:AQ30) -> 0 | AR116: =SUM(AO116:AQ116) -> 2
...

Sheet Peak Hr Summary
O2: ='Raw data & Hourly Summary'!$U$2 -> Great N Rd
B3: Job No. | E3: ='Raw data & Hourly Summary'!E3 -> : NZNth13356 | M3: ='Raw data & Hourly Summary'!$S$3 -> Wingate St | U3: ='Raw data & Hourly Summary'!$AA$3 -> St Jude St
B4: Client | E4: ='Raw data & Hourly Summary'!E4 -> : Auckland Transport
B5: Suburb | E5: ='Raw data & Hourly Summary'!E5 -> : Preston Road Surveys
B6: Location | E6: ='Raw data & Hourly Summary'!E6 -> : 2. Great N Rd / St Georges Rd / St Jude St / Wingate St
B8: Day/Date | E8: ='Raw data & Hourly Summary'!E8 -> : Wed, 3 September 2025
B9: Weather | E9: ='Raw data & Hourly Summary'!E9 -> : Fine
B10: Description | E10: ='Raw data & Hourly Summary'!E10 -> : Classified Intersection Count
E11: : Peak Hour Summary
M12: ='Raw data & Hourly Summary'!$S$12 -> Great N Rd | R12: ='Raw data & Hourly Summary'!$X$12 -> St Georges Rd
B14: Approach | E14: =M12 -> Great N Rd | I14: =R12 -> St Georges Rd | M14: =U3 -> St Jude St | Q14: =O2 -> Great N Rd | U14: =M3 -> Wingate St | Y14: Grand Total
B15: Time Period | E15: ='Raw data & Hourly Summary'!$E$13 -> Lights | F15: ='Raw data & Hourly Summary'!$G$13 -> Heavies | G15: ='Raw data & Hourly Summary'!$I$13 -> Buses | H15: Total | I15: ='Raw data & Hourly Summary'!$E$13 -> Lights | J15: ='Raw data & Hourly Summary'!$G$13 -> Heavies | K15: ='Raw data & Hourly Summary'!$I$13 -> Buses | L15: Total | M15: ='Raw data & Hourly Summary'!$E$13 -> Lights | N15: ='Raw data & Hourly Summary'!$G$13 -> Heavies | O15: ='Raw data & Hourly Summary'!$I$13 -> Buses | P15: Total | Q15: ='Raw data & Hourly Summary'!$E$13 -> Lights | R15: ='Raw data & Hourly Summary'!$G$13 -> Heavies | S15: ='Raw data & Hourly Summary'!$I$13 -> Buses | T15: Total | U15: ='Raw data & Hourly Summary'!$E$13 -> Lights | V15: ='Raw data & Hourly Summary'!$G$13 -> Heavies | W15: ='Raw data & Hourly Summary'!$I$13 -> Buses | X15: Total
A16: AM | B16: =AG18 -> 0.34375001 | C16: to | D16: =SUM(0.04166667)+B16 -> 0.38541668 | E16: =AH18 -> 667 | F16: =AI18 -> 15 | G16: =AJ18 -> 21 | H16: =AK18 -> 703 | I16: =AL18 -> 505 | J16: =AM18 -> 8 | K16: =AN18 -> 0 | L16: =AO18 -> 513 | ... Y16: =BB18 -> 2265 | AG16: 1 | AH16: 2 | AI16: 3 | AJ16: 4 | AK16: 5 | AL16: 6 | AM16: 7 | AN16: 8 | AO16: 9 | AP16: 10 | AQ16: 11 | AR16: 12 | AS16: 13 | AT16: 14 | AU16: 15 | AV16: 16 | AW16: 17 | AX16: 18 | AY16: 19 | AZ16: 20 | BA16: 21 | BB16: 22
A17: PM | B17: =AG19 -> 0.67708334 | C17: to | D17: =SUM(0.04166667)+B17 -> 0.71875001 | E17: =AH19 -> 742 | F17: =AI19 -> 1 | G17: =AJ19 -> 14 | H17: =AK19 -> 757 | I17: =AL19 -> 328 | J17: =AM19 -> 2 | K17: =AN19 -> 0 | L17: =AO19 -> 330 | ... Y17: =BB19 -> 2665 | AH17: AM max | AI17: =MAX(Y21:Y33) -> 2265 | AJ17: PM max | AK17: =MAX(Y35:Y47) -> 2665
AF18: AM | AG18: =MIN(AG21:AG33) -> 0.34375001 | AH18: =VLOOKUP($AG$18,$AG$21:$BB$33,AH16) -> 667 | AI18: =VLOOKUP($AG$18,$AG$21:$BB$33,AI16) -> 15 | AJ18: =VLOOKUP($AG$18,$AG$21:$BB$33,AJ16) -> 21 | AK18: =VLOOKUP($AG$18,$AG$21:$BB$33,AK16) -> 703 | AL18: =VLOOKUP($AG$18,$AG$21:$BB$33,AL16) -> 505 | AM18: =VLOOKUP($AG$18,$AG$21:$BB$33,AM16) -> 8 | AN18: =VLOOKUP($AG$18,$AG$21:$BB$33,AN16) -> 0 | AO18: =VLOOKUP($AG$18,$AG$21:$BB$33,AO16) -> 513 | ... BB18: =VLOOKUP($AG$18,$AG$21:$BB$33,BB16) -> 2265
B19: Approach | E19: =M12 -> Great N Rd | I19: =R12 -> St Georges Rd | M19: =U3 -> St Jude St | Q19: =O2 -> Great N Rd | U19: =M3 -> Wingate St | Y19: Grand Total | AF19: PM | AG19: =MIN(AG35:AG47) -> 0.67708334 | AH19: =VLOOKUP($AG$19,$AG$35:$BB$47,AH16) -> 742 | AI19: =VLOOKUP($AG$19,$AG$35:$BB$47,AI16) -> 1 | AJ19: =VLOOKUP($AG$19,$AG$35:$BB$47,AJ16) -> 14 | AK19: =VLOOKUP($AG$19,$AG$35:$BB$47,AK16) -> 757 | AL19: =VLOOKUP($AG$19,$AG$35:$BB$47,AL16) -> 328 | AM19: =VLOOKUP($AG$19,$AG$35:$BB$47,AM16) -> 2 | AN19: =VLOOKUP($AG$19,$AG$35:$BB$47,AN16) -> 0 | AO19: =VLOOKUP($AG$19,$AG$35:$BB$47,AO16) -> 330 | ... BB19: =VLOOKUP($AG$19,$AG$35:$BB$47,BB16) -> 2665
B20: Time Period | E20: ='Raw data & Hourly Summary'!$E$13 -> Lights | F20: ='Raw data & Hourly Summary'!$G$13 -> Heavies | G20: ='Raw data & Hourly Summary'!$I$13 -> Buses | H20: Total | I20: ='Raw data & Hourly Summary'!$E$13 -> Lights | J20: ='Raw data & Hourly Summary'!$G$13 -> Heavies | K20: ='Raw data & Hourly Summary'!$I$13 -> Buses | L20: Total | M20: ='Raw data & Hourly Summary'!$E$13 -> Lights | N20: ='Raw data & Hourly Summary'!$G$13 -> Heavies | O20: ='Raw data & Hourly Summary'!$I$13 -> Buses | P20: Total | Q20: ='Raw data & Hourly Summary'!$E$13 -> Lights | R20: ='Raw data & Hourly Summary'!$G$13 -> Heavies | S20: ='Raw data & Hourly Summary'!$I$13 -> Buses | T20: Total | U20: ='Raw data & Hourly Summary'!$E$13 -> Lights | V20: ='Raw data & Hourly Summary'!$G$13 -> Heavies | W20: ='Raw data & Hourly Summary'!$I$13 -> Buses | X20: Total
B21: ='Raw data & Hourly Summary'!B18 -> 0.25 | C21: to | D21: =SUM(0.04166667)+B21 -> 0.29166667 | E21: =SUM('Raw data & Hourly Summary'!E107,'Raw data & Hourly Summary'!I107,'Raw data & Hourly Summary'!M107,'Raw data & Hourly Summary'!Q107,'Raw data & Hourly Summary'!U107) -> 649 | F21: =SUM('Raw data & Hourly Summary'!F107,'Raw data & Hourly Summary'!J107,'Raw data & Hourly Summary'!N107,'Raw data & Hourly Summary'!R107,'Raw data & Hourly Summary'!V107) -> 12 | G21: =SUM('Raw data & Hourly Summary'!G107,'Raw data & Hourly Summary'!K107,'Raw data & Hourly Summary'!O107,'Raw data & Hourly Summary'!S107,'Raw data & Hourly Summary'!W107) -> 18 | H21: =SUM(E21:G21) -> 679 | I21: =SUM('Raw data & Hourly Summary'!Y107,'Raw data & Hourly Summary'!AC107,'Raw data & Hourly Summary'!AG107,'Raw data & Hourly Summary'!AK107,'Raw data & Hourly Summary'!AO107) -> 159 | J21: =SUM('Raw data & Hourly Summary'!Z107,'Raw data & Hourly Summary'!AD107,'Raw data & Hourly Summary'!AH107,'Raw data & Hourly Summary'!AL107,'Raw data & Hourly Summary'!AP107) -> 2 | K21: =SUM('Raw data & Hourly Summary'!AA107,'Raw data & Hourly Summary'!AE107,'Raw data & Hourly Summary'!AI107,'Raw data & Hourly Summary'!AM107,'Raw data & Hourly Summary'!AQ107) -> 0 | L21: =SUM(I21:K21) -> 161 | M21: =SUM('Raw data & Hourly Summary'!E139,'Raw data & Hourly Summary'!I139,'Raw data & Hourly Summary'!M139,'Raw data & Hourly Summary'!Q139,'Raw data & Hourly Summary'!U139) -> 103 | N21: =SUM('Raw data & Hourly Summary'!F139,'Raw data & Hourly Summary'!J139,'Raw data & Hourly Summary'!N139,'Raw data & Hourly Summary'!R139,'Raw data & Hourly Summary'!V139) -> 8 | O21: =SUM('Raw data & Hourly Summary'!G139,'Raw data & Hourly Summary'!K139,'Raw data & Hourly Summary'!O139,'Raw data & Hourly Summary'!S139,'Raw data & Hourly Summary'!W139) -> 0 | P21: =SUM(M21:O21) -> 111 | Q21: =SUM('Raw data & Hourly Summary'!Y139,'Raw data & Hourly Summary'!AC139,'Raw data & Hourly Summary'!AG139,'Raw data & Hourly Summary'!AK139,'Raw data & Hourly Summary'!AO139) -> 142 | R21: =SUM('Raw data & Hourly Summary'!Z139,'Raw data & Hourly Summary'!AD139,'Raw data & Hourly Summary'!AH139,'Raw data & Hourly Summary'!AL139,'Raw data & Hourly Summary'!AP139) -> 8 | S21: =SUM('Raw data & Hourly Summary'!AA139,'Raw data & Hourly Summary'!AE139,'Raw data & Hourly Summary'!AI139,'Raw data & Hourly Summary'!AM139,'Raw data & Hourly Summary'!AQ139) -> 12 | T21: =SUM(Q21:S21) -> 162 | U21: =SUM('Raw data & Hourly Summary'!AS139,'Raw data & Hourly Summary'!AW139,'Raw data & Hourly Summary'!BA139,'Raw data & Hourly Summary'!BE139,'Raw data & Hourly Summary'!BI139) -> 51 | V21: =SUM('Raw data & Hourly Summary'!AT139,'Raw data & Hourly Summary'!AX139,'Raw data & Hourly Summary'!BB139,'Raw data & Hourly Summary'!BF139,'Raw data & Hourly Summary'!BJ139) -> 1 | W21: =SUM('Raw data & Hourly Summary'!AU139,'Raw data & Hourly Summary'!AY139,'Raw data & Hourly Summary'!BC139,'Raw data & Hourly Summary'!BG139,'Raw data & Hourly Summary'!BK139) -> 0 | X21: =SUM(U21:W21) -> 52 | Y21: =H21+L21+P21+T21+X21 -> 1165 | AG21: =IF($BD21=$Y21,B21,"") | AH21: =IF($BD21=$Y21,E21,"") | AI21: =IF($BD21=$Y21,F21,"") | AJ21: =IF($BD21=$Y21,G21,"") | AK21: =IF($BD21=$Y21,H21,"") | AL21: =IF($BD21=$Y21,I21,"") | AM21: =IF($BD21=$Y21,J21,"") | AN21: =IF($BD21=$Y21,K21,"") | AO21: =IF($BD21=$Y21,L21,"") | ... BB21: =IF($BD21=$Y21,Y21,"") | BD21: =+BD22 -> 2265
B22: =SUM(0.04166667/4+B21) -> 0.26041667 | C22: to | D22: =SUM(0.04166667)+B22 -> 0.30208334 | E22: =SUM('Raw data & Hourly Summary'!E108,'Raw data & Hourly Summary'!I108,'Raw data & Hourly Summary'!M108,'Raw data & Hourly Summary'!Q108,'Raw data & Hourly Summary'!U108) -> 789 | F22: =SUM('Raw data & Hourly Summary'!F108,'Raw data & Hourly Summary'!J108,'Raw data & Hourly Summary'!N108,'Raw data & Hourly Summary'!R108,'Raw data & Hourly Summary'!V108) -> 13 | G22: =SUM('Raw data & Hourly Summary'!G108,'Raw data & Hourly Summary'!K108,'Raw data & Hourly Summary'!O108,'Raw data & Hourly Summary'!S108,'Raw data & Hourly Summary'!W108) -> 19 | H22: =SUM(E22:G22) -> 821 | I22: =SUM('Raw data & Hourly Summary'!Y108,'Raw data & Hourly Summary'!AC108,'Raw data & Hourly Summary'!AG108,'Raw data & Hourly Summary'!AK108,'Raw data & Hourly Summary'!AO108) -> 186 | J22: =SUM('Raw data & Hourly Summary'!Z108,'Raw data & Hourly Summary'!AD108,'Raw data & Hourly Summary'!AH108,'Raw data & Hourly Summary'!AL108,'Raw data & Hourly Summary'!AP108) -> 2 | K22: =SUM('Raw data & Hourly Summary'!AA108,'Raw data & Hourly Summary'!AE108,'Raw data & Hourly Summary'!AI108,'Raw data & Hourly Summary'!AM108,'Raw data & Hourly Summary'!AQ108) -> 0 | L22: =SUM(I22:K22) -> 188 | M22: =SUM('Raw data & Hourly Summary'!E140,'Raw data & Hourly Summary'!I140,'Raw data & Hourly Summary'!M140,'Raw data & Hourly Summary'!Q140,'Raw data & Hourly Summary'!U140) -> 117 | N22: =SUM('Raw data & Hourly Summary'!F140,'Raw data & Hourly Summary'!J140,'Raw data & Hourly Summary'!N140,'Raw data & Hourly Summary'!R140,'Raw data & Hourly Summary'!V140) -> 8 | O22: =SUM('Raw data & Hourly Summary'!G140,'Raw data & Hourly Summary'!K140,'Raw data & Hourly Summary'!O140,'Raw data & Hourly Summary'!S140,'Raw data & Hourly Summary'!W140) -> 0 | P22: =SUM(M22:O22) -> 125 | Q22: =SUM('Raw data & Hourly Summary'!Y140,'Raw data & Hourly Summary'!AC140,'Raw data & Hourly Summary'!AG140,'Raw data & Hourly Summary'!AK140,'Raw data & Hourly Summary'!AO140) -> 158 | R22: =SUM('Raw data & Hourly Summary'!Z140,'Raw data & Hourly Summary'!AD140,'Raw data & Hourly Summary'!AH140,'Raw data & Hourly Summary'!AL140,'Raw data & Hourly Summary'!AP140) -> 8 | S22: =SUM('Raw data & Hourly Summary'!AA140,'Raw data & Hourly Summary'!AE140,'Raw data & Hourly Summary'!AI140,'Raw data & Hourly Summary'!AM140,'Raw data & Hourly Summary'!AQ140) -> 9 | T22: =SUM(Q22:S22) -> 175 | U22: =SUM('Raw data & Hourly Summary'!AS140,'Raw data & Hourly Summary'!AW140,'Raw data & Hourly Summary'!BA140,'Raw data & Hourly Summary'!BE140,'Raw data & Hourly Summary'!BI140) -> 54 | V22: =SUM('Raw data & Hourly Summary'!AT140,'Raw data & Hourly Summary'!AX140,'Raw data & Hourly Summary'!BB140,'Raw data & Hourly Summary'!BF140,'Raw data & Hourly Summary'!BJ140) -> 1 | W22: =SUM('Raw data & Hourly Summary'!AU140,'Raw data & Hourly Summary'!AY140,'Raw data & Hourly Summary'!BC140,'Raw data & Hourly Summary'!BG140,'Raw data & Hourly Summary'!BK140) -> 0 | X22: =SUM(U22:W22) -> 55 | Y22: =H22+L22+P22+T22+X22 -> 1364 | AG22: =IF($BD22=$Y22,B22,"") | AH22: =IF($BD22=$Y22,E22,"") | AI22: =IF($BD22=$Y22,F22,"") | AJ22: =IF($BD22=$Y22,G22,"") | AK22: =IF($BD22=$Y22,H22,"") | AL22: =IF($BD22=$Y22,I22,"") | AM22: =IF($BD22=$Y22,J22,"") | AN22: =IF($BD22=$Y22,K22,"") | AO22: =IF($BD22=$Y22,L22,"") | ... BB22: =IF($BD22=$Y22,Y22,"") | BD22: =+BD23 -> 2265
B23: =SUM(0.04166667/4+B22) -> 0.27083333 | C23: to | D23: =SUM(0.04166667)+B23 -> 0.3125 | E23: =SUM('Raw data & Hourly Summary'!E109,'Raw data & Hourly Summary'!I109,'Raw data & Hourly Summary'!M109,'Raw data & Hourly Summary'!Q109,'Raw data & Hourly Summary'!U109) -> 867 | F23: =SUM('Raw data & Hourly Summary'!F109,'Raw data & Hourly Summary'!J109,'Raw data & Hourly Summary'!N109,'Raw data & Hourly Summary'!R109,'Raw data & Hourly Summary'!V109) -> 16 | G23: =SUM('Raw data & Hourly Summary'!G109,'Raw data & Hourly Summary'!K109,'Raw data & Hourly Summary'!O109,'Raw data & Hourly Summary'!S109,'Raw data & Hourly Summary'!W109) -> 22 | H23: =SUM(E23:G23) -> 905 | I23: =SUM('Raw data & Hourly Summary'!Y109,'Raw data & Hourly Summary'!AC109,'Raw data & Hourly Summary'!AG109,'Raw data & Hourly Summary'!AK109,'Raw data & Hourly Summary'!AO109) -> 230 | J23: =SUM('Raw data & Hourly Summary'!Z109,'Raw data & Hourly Summary'!AD109,'Raw data & Hourly Summary'!AH109,'Raw data & Hourly Summary'!AL109,'Raw data & Hourly Summary'!AP109) -> 4 | K23: =SUM('Raw data & Hourly Summary'!AA109,'Raw data & Hourly Summary'!AE109,'Raw data & Hourly Summary'!AI109,'Raw data & Hourly Summary'!AM109,'Raw data & Hourly Summary'!AQ109) -> 0 | L23: =SUM(I23:K23) -> 234 | M23: =SUM('Raw data & Hourly Summary'!E141,'Raw data & Hourly Summary'!I141,'Raw data & Hourly Summary'!M141,'Raw data & Hourly Summary'!Q141,'Raw data & Hourly Summary'!U141) -> 149 | N23: =SUM('Raw data & Hourly Summary'!F141,'Raw data & Hourly Summary'!J141,'Raw data & Hourly Summary'!N141,'Raw data & Hourly Summary'!R141,'Raw data & Hourly Summary'!V141) -> 7 | O23: =SUM('Raw data & Hourly Summary'!G141,'Raw data & Hourly Summary'!K141,'Raw data & Hourly Summary'!O141,'Raw data & Hourly Summary'!S141,'Raw data & Hourly Summary'!W141) -> 0 | P23: =SUM(M23:O23) -> 156 | Q23: =SUM('Raw data & Hourly Summary'!Y141,'Raw data & Hourly Summary'!AC141,'Raw data & Hourly Summary'!AG141,'Raw data & Hourly Summary'!AK141,'Raw data & Hourly Summary'!AO141) -> 186 | R23: =SUM('Raw data & Hourly Summary'!Z141,'Raw data & Hourly Summary'!AD141,'Raw data & Hourly Summary'!AH141,'Raw data & Hourly Summary'!AL141,'Raw data & Hourly Summary'!AP141) -> 7 | S23: =SUM('Raw data & Hourly Summary'!AA141,'Raw data & Hourly Summary'!AE141,'Raw data & Hourly Summary'!AI141,'Raw data & Hourly Summary'!AM141,'Raw data & Hourly Summary'!AQ141) -> 8 | T23: =SUM(Q23:S23) -> 201 | U23: =SUM('Raw data & Hourly Summary'!AS141,'Raw data & Hourly Summary'!AW141,'Raw data & Hourly Summary'!BA141,'Raw data & Hourly Summary'!BE141,'Raw data & Hourly Summary'!BI141) -> 67 | V23: =SUM('Raw data & Hourly Summary'!AT141,'Raw data & Hourly Summary'!AX141,'Raw data & Hourly Summary'!BB141,'Raw data & Hourly Summary'!BF141,'Raw data & Hourly Summary'!BJ141) -> 2 | W23: =SUM('Raw data & Hourly Summary'!AU141,'Raw data & Hourly Summary'!AY141,'Raw data & Hourly Summary'!BC141,'Raw data & Hourly Summary'!BG141,'Raw data & Hourly Summary'!BK141) -> 0 | X23: =SUM(U23:W23) -> 69 | Y23: =H23+L23+P23+T23+X23 -> 1565 | AG23: =IF($BD23=$Y23,B23,"") | AH23: =IF($BD23=$Y23,E23,"") | AI23: =IF($BD23=$Y23,F23,"") | AJ23: =IF($BD23=$Y23,G23,"") | AK23: =IF($BD23=$Y23,H23,"") | AL23: =IF($BD23=$Y23,I23,"") | AM23: =IF($BD23=$Y23,J23,"") | AN23: =IF($BD23=$Y23,K23,"") | AO23: =IF($BD23=$Y23,L23,"") | ... BB23: =IF($BD23=$Y23,Y23,"") | BD23: =+BD24 -> 2265
B24: =SUM(0.04166667/4+B23) -> 0.28125 | C24: to | D24: =SUM(0.04166667)+B24 -> 0.32291667 | E24: =SUM('Raw data & Hourly Summary'!E110,'Raw data & Hourly Summary'!I110,'Raw data & Hourly Summary'!M110,'Raw data & Hourly Summary'!Q110,'Raw data & Hourly Summary'!U110) -> 894 | F24: =SUM('Raw data & Hourly Summary'!F110,'Raw data & Hourly Summary'!J110,'Raw data & Hourly Summary'!N110,'Raw data & Hourly Summary'!R110,'Raw data & Hourly Summary'!V110) -> 15 | G24: =SUM('Raw data & Hourly Summary'!G110,'Raw data & Hourly Summary'!K110,'Raw data & Hourly Summary'!O110,'Raw data & Hourly Summary'!S110,'Raw data & Hourly Summary'!W110) -> 23 | H24: =SUM(E24:G24) -> 932 | I24: =SUM('Raw data & Hourly Summary'!Y110,'Raw data & Hourly Summary'!AC110,'Raw data & Hourly Summary'!AG110,'Raw data & Hourly Summary'!AK110,'Raw data & Hourly Summary'!AO110) -> 282 | J24: =SUM('Raw data & Hourly Summary'!Z110,'Raw data & Hourly Summary'!AD110,'Raw data & Hourly Summary'!AH110,'Raw data & Hourly Summary'!AL110,'Raw data & Hourly Summary'!AP110) -> 5 | K24: =SUM('Raw data & Hourly Summary'!AA110,'Raw data & Hourly Summary'!AE110,'Raw data & Hourly Summary'!AI110,'Raw data & Hourly Summary'!AM110,'Raw data & Hourly Summary'!AQ110) -> 0 | L24: =SUM(I24:K24) -> 287 | M24: =SUM('Raw data & Hourly Summary'!E142,'Raw data & Hourly Summary'!I142,'Raw data & Hourly Summary'!M142,'Raw data & Hourly Summary'!Q142,'Raw data & Hourly Summary'!U142) -> 173 | N24: =SUM('Raw data & Hourly Summary'!F142,'Raw data & Hourly Summary'!J142,'Raw data & Hourly Summary'!N142,'Raw data & Hourly Summary'!R142,'Raw data & Hourly Summary'!V142) -> 11 | O24: =SUM('Raw data & Hourly Summary'!G142,'Raw data & Hourly Summary'!K142,'Raw data & Hourly Summary'!O142,'Raw data & Hourly Summary'!S142,'Raw data & Hourly Summary'!W142) -> 0 | P24: =SUM(M24:O24) -> 184 | Q24: =SUM('Raw data & Hourly Summary'!Y142,'Raw data & Hourly Summary'!AC142,'Raw data & Hourly Summary'!AG142,'Raw data & Hourly Summary'!AK142,'Raw data & Hourly Summary'!AO142) -> 207 | R24: =SUM('Raw data & Hourly Summary'!Z142,'Raw data & Hourly Summary'!AD142,'Raw data & Hourly Summary'!AH142,'Raw data & Hourly Summary'!AL142,'Raw data & Hourly Summary'!AP142) -> 4 | S24: =SUM('Raw data & Hourly Summary'!AA142,'Raw data & Hourly Summary'!AE142,'Raw data & Hourly Summary'!AI142,'Raw data & Hourly Summary'!AM142,'Raw data & Hourly Summary'!AQ142) -> 10 | T24: =SUM(Q24:S24) -> 221 | U24: =SUM('Raw data & Hourly Summary'!AS142,'Raw data & Hourly Summary'!AW142,'Raw data & Hourly Summary'!BA142,'Raw data & Hourly Summary'!BE142,'Raw data & Hourly Summary'!BI142) -> 100 | V24: =SUM('Raw data & Hourly Summary'!AT142,'Raw data & Hourly Summary'!AX142,'Raw data & Hourly Summary'!BB142,'Raw data & Hourly Summary'!BF142,'Raw data & Hourly Summary'!BJ142) -> 2 | W24: =SUM('Raw data & Hourly Summary'!AU142,'Raw data & Hourly Summary'!AY142,'Raw data & Hourly Summary'!BC142,'Raw data & Hourly Summary'!BG142,'Raw data & Hourly Summary'!BK142) -> 0 | X24: =SUM(U24:W24) -> 102 | Y24: =H24+L24+P24+T24+X24 -> 1726 | AG24: =IF($BD24=$Y24,B24,"") | AH24: =IF($BD24=$Y24,E24,"") | AI24: =IF($BD24=$Y24,F24,"") | AJ24: =IF($BD24=$Y24,G24,"") | AK24: =IF($BD24=$Y24,H24,"") | AL24: =IF($BD24=$Y24,I24,"") | AM24: =IF($BD24=$Y24,J24,"") | AN24: =IF($BD24=$Y24,K24,"") | AO24: =IF($BD24=$Y24,L24,"") | ... BB24: =IF($BD24=$Y24,Y24,"") | BD24: =+BD25 -> 2265
B25: =SUM(0.04166667/4+B24) -> 0.29166667 | C25: to | D25: =SUM(0.04166667)+B25 -> 0.33333334 | E25: =SUM('Raw data & Hourly Summary'!E111,'Raw data & Hourly Summary'!I111,'Raw data & Hourly Summary'!M111,'Raw data & Hourly Summary'!Q111,'Raw data & Hourly Summary'!U111) -> 854 | F25: =SUM('Raw data & Hourly Summary'!F111,'Raw data & Hourly Summary'!J111,'Raw data & Hourly Summary'!N111,'Raw data & Hourly Summary'!R111,'Raw data & Hourly Summary'!V111) -> 11 | G25: =SUM('Raw data & Hourly Summary'!G111,'Raw data & Hourly Summary'!K111,'Raw data & Hourly Summary'!O111,'Raw data & Hourly Summary'!S111,'Raw data & Hourly Summary'!W111) -> 24 | H25: =SUM(E25:G25) -> 889 | I25: =SUM('Raw data & Hourly Summary'!Y111,'Raw data & Hourly Summary'!AC111,'Raw data & Hourly Summary'!AG111,'Raw data & Hourly Summary'!AK111,'Raw data & Hourly Summary'!AO111) -> 333 | J25: =SUM('Raw data & Hourly Summary'!Z111,'Raw data & Hourly Summary'!AD111,'Raw data & Hourly Summary'!AH111,'Raw data & Hourly Summary'!AL111,'Raw data & Hourly Summary'!AP111) -> 4 | K25: =SUM('Raw data & Hourly Summary'!AA111,'Raw data & Hourly Summary'!AE111,'Raw data & Hourly Summary'!AI111,'Raw data & Hourly Summary'!AM111,'Raw data & Hourly Summary'!AQ111) -> 0 | L25: =SUM(I25:K25) -> 337 | M25: =SUM('Raw data & Hourly Summary'!E143,'Raw data & Hourly Summary'!I143,'Raw data & Hourly Summary'!M143,'Raw data & Hourly Summary'!Q143,'Raw data & Hourly Summary'!U143) -> 208 | N25: =SUM('Raw data & Hourly Summary'!F143,'Raw data & Hourly Summary'!J143,'Raw data & Hourly Summary'!N143,'Raw data & Hourly Summary'!R143,'Raw data & Hourly Summary'!V143) -> 11 | O25: =SUM('Raw data & Hourly Summary'!G143,'Raw data & Hourly Summary'!K143,'Raw data & Hourly Summary'!O143,'Raw data & Hourly Summary'!S143,'Raw data & Hourly Summary'!W143) -> 0 | P25: =SUM(M25:O25) -> 219 | Q25: =SUM('Raw data & Hourly Summary'!Y143,'Raw data & Hourly Summary'!AC143,'Raw data & Hourly Summary'!AG143,'Raw data & Hourly Summary'!AK143,'Raw data & Hourly Summary'!AO143) -> 236 | R25: =SUM('Raw data & Hourly Summary'!Z143,'Raw data & Hourly Summary'!AD143,'Raw data & Hourly Summary'!AH143,'Raw data & Hourly Summary'!AL143,'Raw data & Hourly Summary'!AP143) -> 8 | S25: =SUM('Raw data & Hourly Summary'!AA143,'Raw data & Hourly Summary'!AE143,'Raw data & Hourly Summary'!AI143,'Raw data & Hourly Summary'!AM143,'Raw data & Hourly Summary'!AQ143) -> 12 | T25: =SUM(Q25:S25) -> 256 | U25: =SUM('Raw data & Hourly Summary'!AS143,'Raw data & Hourly Summary'!AW143,'Raw data & Hourly Summary'!BA143,'Raw data & Hourly Summary'!BE143,'Raw data & Hourly Summary'!BI143) -> 134 | V25: =SUM('Raw data & Hourly Summary'!AT143,'Raw data & Hourly Summary'!AX143,'Raw data & Hourly Summary'!BB143,'Raw data & Hourly Summary'!BF143,'Raw data & Hourly Summary'!BJ143) -> 4 | W25: =SUM('Raw data & Hourly Summary'!AU143,'Raw data & Hourly Summary'!AY143,'Raw data & Hourly Summary'!BC143,'Raw data & Hourly Summary'!BG143,'Raw data & Hourly Summary'!BK143) -> 0 | X25: =SUM(U25:W25) -> 138 | Y25: =H25+L25+P25+T25+X25 -> 1839 | AG25: =IF($BD25=$Y25,B25,"") | AH25: =IF($BD25=$Y25,E25,"") | AI25: =IF($BD25=$Y25,F25,"") | AJ25: =IF($BD25=$Y25,G25,"") | AK25: =IF($BD25=$Y25,H25,"") | AL25: =IF($BD25=$Y25,I25,"") | AM25: =IF($BD25=$Y25,J25,"") | AN25: =IF($BD25=$Y25,K25,"") | AO25: =IF($BD25=$Y25,L25,"") | ... BB25: =IF($BD25=$Y25,Y25,"") | BD25: =+BD26 -> 2265
B26: =SUM(0.04166667/4+B25) -> 0.30208334 | C26: to | D26: =SUM(0.04166667)+B26 -> 0.34375001 | E26: =SUM('Raw data & Hourly Summary'!E112,'Raw data & Hourly Summary'!I112,'Raw data & Hourly Summary'!M112,'Raw data & Hourly Summary'!Q112,'Raw data & Hourly Summary'!U112) -> 781 | F26: =SUM('Raw data & Hourly Summary'!F112,'Raw data & Hourly Summary'!J112,'Raw data & Hourly Summary'!N112,'Raw data & Hourly Summary'!R112,'Raw data & Hourly Summary'!V112) -> 12 | G26: =SUM('Raw data & Hourly Summary'!G112,'Raw data & Hourly Summary'!K112,'Raw data & Hourly Summary'!O112,'Raw data & Hourly Summary'!S112,'Raw data & Hourly Summary'!W112) -> 25 | H26: =SUM(E26:G26) -> 818 | I26: =SUM('Raw data & Hourly Summary'!Y112,'Raw data & Hourly Summary'!AC112,'Raw data & Hourly Summary'!AG112,'Raw data & Hourly Summary'!AK112,'Raw data & Hourly Summary'!AO112) -> 414 | J26: =SUM('Raw data & Hourly Summary'!Z112,'Raw data & Hourly Summary'!AD112,'Raw data & Hourly Summary'!AH112,'Raw data & Hourly Summary'!AL112,'Raw data & Hourly Summary'!AP112) -> 7 | K26: =SUM('Raw data & Hourly Summary'!AA112,'Raw data & Hourly Summary'!AE112,'Raw data & Hourly Summary'!AI112,'Raw data & Hourly Summary'!AM112,'Raw data & Hourly Summary'!AQ112) -> 0 | L26: =SUM(I26:K26) -> 421 | M26: =SUM('Raw data & Hourly Summary'!E144,'Raw data & Hourly Summary'!I144,'Raw data & Hourly Summary'!M144,'Raw data & Hourly Summary'!Q144,'Raw data & Hourly Summary'!U144) -> 246 | N26: =SUM('Raw data & Hourly Summary'!F144,'Raw data & Hourly Summary'!J144,'Raw data & Hourly Summary'!N144,'Raw data & Hourly Summary'!R144,'Raw data & Hourly Summary'!V144) -> 9 | O26: =SUM('Raw data & Hourly Summary'!G144,'Raw data & Hourly Summary'!K144,'Raw data & Hourly Summary'!O144,'Raw data & Hourly Summary'!S144,'Raw data & Hourly Summary'!W144) -> 1 | P26: =SUM(M26:O26) -> 256 | Q26: =SUM('Raw data & Hourly Summary'!Y144,'Raw data & Hourly Summary'!AC144,'Raw data & Hourly Summary'!AG144,'Raw data & Hourly Summary'!AK144,'Raw data & Hourly Summary'!AO144) -> 274 | R26: =SUM('Raw data & Hourly Summary'!Z144,'Raw data & Hourly Summary'!AD144,'Raw data & Hourly Summary'!AH144,'Raw data & Hourly Summary'!AL144,'Raw data & Hourly Summary'!AP144) -> 10 | S26: =SUM('Raw data & Hourly Summary'!AA144,'Raw data & Hourly Summary'!AE144,'Raw data & Hourly Summary'!AI144,'Raw data & Hourly Summary'!AM144,'Raw data & Hourly Summary'!AQ144) -> 16 | T26: =SUM(Q26:S26) -> 300 | U26: =SUM('Raw data & Hourly Summary'!AS144,'Raw data & Hourly Summary'!AW144,'Raw data & Hourly Summary'!BA144,'Raw data & Hourly Summary'!BE144,'Raw data & Hourly Summary'!BI144) -> 189 | V26: =SUM('Raw data & Hourly Summary'!AT144,'Raw data & Hourly Summary'!AX144,'Raw data & Hourly Summary'!BB144,'Raw data & Hourly Summary'!BF144,'Raw data & Hourly Summary'!BJ144) -> 4 | W26: =SUM('Raw data & Hourly Summary'!AU144,'Raw data & Hourly Summary'!AY144,'Raw data & Hourly Summary'!BC144,'Raw data & Hourly Summary'!BG144,'Raw data & Hourly Summary'!BK144) -> 0 | X26: =SUM(U26:W26) -> 193 | Y26: =H26+L26+P26+T26+X26 -> 1988 | AG26: =IF($BD26=$Y26,B26,"") | AH26: =IF($BD26=$Y26,E26,"") | AI26: =IF($BD26=$Y26,F26,"") | AJ26: =IF($BD26=$Y26,G26,"") | AK26: =IF($BD26=$Y26,H26,"") | AL26: =IF($BD26=$Y26,I26,"") | AM26: =IF($BD26=$Y26,J26,"") | AN26: =IF($BD26=$Y26,K26,"") | AO26: =IF($BD26=$Y26,L26,"") | ... BB26: =IF($BD26=$Y26,Y26,"") | BD26: =+BD27 -> 2265
B27: =SUM(0.04166667/4+B26) -> 0.3125 | C27: to | D27: =SUM(0.04166667)+B27 -> 0.35416667 | E27: =SUM('Raw data & Hourly Summary'!E113,'Raw data & Hourly Summary'!I113,'Raw data & Hourly Summary'!M113,'Raw data & Hourly Summary'!Q113,'Raw data & Hourly Summary'!U113) -> 722 | F27: =SUM('Raw data & Hourly Summary'!F113,'Raw data & Hourly Summary'!J113,'Raw data & Hourly Summary'!N113,'Raw data & Hourly Summary'!R113,'Raw data & Hourly Summary'!V113) -> 8 | G27: =SUM('Raw data & Hourly Summary'!G113,'Raw data & Hourly Summary'!K113,'Raw data & Hourly Summary'!O113,'Raw data & Hourly Summary'!S113,'Raw data & Hourly Summary'!W113) -> 24 | H27: =SUM(E27:G27) -> 754 | I27: =SUM('Raw data & Hourly Summary'!Y113,'Raw data & Hourly Summary'!AC113,'Raw data & Hourly Summary'!AG113,'Raw data & Hourly Summary'!AK113,'Raw data & Hourly Summary'!AO113) -> 479 | J27: =SUM('Raw data & Hourly Summary'!Z113,'Raw data & Hourly Summary'!AD113,'Raw data & Hourly Summary'!AH113,'Raw data & Hourly Summary'!AL113,'Raw data & Hourly Summary'!AP113) -> 6 | K27: =SUM('Raw data & Hourly Summary'!AA113,'Raw data & Hourly Summary'!AE113,'Raw data & Hourly Summary'!AI113,'Raw data & Hourly Summary'!AM113,'Raw data & Hourly Summary'!AQ113) -> 0 | L27: =SUM(I27:K27) -> 485 | M27: =SUM('Raw data & Hourly Summary'!E145,'Raw data & Hourly Summary'!I145,'Raw data & Hourly Summary'!M145,'Raw data & Hourly Summary'!Q145,'Raw data & Hourly Summary'!U145) -> 300 | N27: =SUM('Raw data & Hourly Summary'!F145,'Raw data & Hourly Summary'!J145,'Raw data & Hourly Summary'!N145,'Raw data & Hourly Summary'!R145,'Raw data & Hourly Summary'!V145) -> 8 | O27: =SUM('Raw data & Hourly Summary'!G145,'Raw data & Hourly Summary'!K145,'Raw data & Hourly Summary'!O145,'Raw data & Hourly Summary'!S145,'Raw data & Hourly Summary'!W145) -> 1 | P27: =SUM(M27:O27) -> 309 | Q27: =SUM('Raw data & Hourly Summary'!Y145,'Raw data & Hourly Summary'!AC145,'Raw data & Hourly Summary'!AG145,'Raw data & Hourly Summary'!AK145,'Raw data & Hourly Summary'!AO145) -> 315 | R27: =SUM('Raw data & Hourly Summary'!Z145,'Raw data & Hourly Summary'!AD145,'Raw data & Hourly Summary'!AH145,'Raw data & Hourly Summary'!AL145,'Raw data & Hourly Summary'!AP145) -> 10 | S27: =SUM('Raw data & Hourly Summary'!AA145,'Raw data & Hourly Summary'!AE145,'Raw data & Hourly Summary'!AI145,'Raw data & Hourly Summary'!AM145,'Raw data & Hourly Summary'!AQ145) -> 23 | T27: =SUM(Q27:S27) -> 348 | U27: =SUM('Raw data & Hourly Summary'!AS145,'Raw data & Hourly Summary'!AW145,'Raw data & Hourly Summary'!BA145,'Raw data & Hourly Summary'!BE145,'Raw data & Hourly Summary'!BI145) -> 217 | V27: =SUM('Raw data & Hourly Summary'!AT145,'Raw data & Hourly Summary'!AX145,'Raw data & Hourly Summary'!BB145,'Raw data & Hourly Summary'!BF145,'Raw data & Hourly Summary'!BJ145) -> 3 | W27: =SUM('Raw data & Hourly Summary'!AU145,'Raw data & Hourly Summary'!AY145,'Raw data & Hourly Summary'!BC145,'Raw data & Hourly Summary'!BG145,'Raw data & Hourly Summary'!BK145) -> 0 | X27: =SUM(U27:W27) -> 220 | Y27: =H27+L27+P27+T27+X27 -> 2116 | AG27: =IF($BD27=$Y27,B27,"") | AH27: =IF($BD27=$Y27,E27,"") | AI27: =IF($BD27=$Y27,F27,"") | AJ27: =IF($BD27=$Y27,G27,"") | AK27: =IF($BD27=$Y27,H27,"") | AL27: =IF($BD27=$Y27,I27,"") | AM27: =IF($BD27=$Y27,J27,"") | AN27: =IF($BD27=$Y27,K27,"") | AO27: =IF($BD27=$Y27,L27,"") | ... BB27: =IF($BD27=$Y27,Y27,"") | BD27: =+BD28 -> 2265
B28: =SUM(0.04166667/4+B27) -> 0.32291667 | C28: to | D28: =SUM(0.04166667)+B28 -> 0.36458334 | E28: =SUM('Raw data & Hourly Summary'!E114,'Raw data & Hourly Summary'!I114,'Raw data & Hourly Summary'!M114,'Raw data & Hourly Summary'!Q114,'Raw data & Hourly Summary'!U114) -> 679 | F28: =SUM('Raw data & Hourly Summary'!F114,'Raw data & Hourly Summary'!J114,'Raw data & Hourly Summary'!N114,'Raw data & Hourly Summary'!R114,'Raw data & Hourly Summary'!V114) -> 8 | G28: =SUM('Raw data & Hourly Summary'!G114,'Raw data & Hourly Summary'!K114,'Raw data & Hourly Summary'!O114,'Raw data & Hourly Summary'!S114,'Raw data & Hourly Summary'!W114) -> 22 | H28: =SUM(E28:G28) -> 709 | I28: =SUM('Raw data & Hourly Summary'!Y114,'Raw data & Hourly Summary'!AC114,'Raw data & Hourly Summary'!AG114,'Raw data & Hourly Summary'!AK114,'Raw data & Hourly Summary'!AO114) -> 516 | J28: =SUM('Raw data & Hourly Summary'!Z114,'Raw data & Hourly Summary'!AD114,'Raw data & Hourly Summary'!AH114,'Raw data & Hourly Summary'!AL114,'Raw data & Hourly Summary'!AP114) -> 6 | K28: =SUM('Raw data & Hourly Summary'!AA114,'Raw data & Hourly Summary'!AE114,'Raw data & Hourly Summary'!AI114,'Raw data & Hourly Summary'!AM114,'Raw data & Hourly Summary'!AQ114) -> 0 | L28: =SUM(I28:K28) -> 522 | M28: =SUM('Raw data & Hourly Summary'!E146,'Raw data & Hourly Summary'!I146,'Raw data & Hourly Summary'!M146,'Raw data & Hourly Summary'!Q146,'Raw data & Hourly Summary'!U146) -> 343 | N28: =SUM('Raw data & Hourly Summary'!F146,'Raw data & Hourly Summary'!J146,'Raw data & Hourly Summary'!N146,'Raw data & Hourly Summary'!R146,'Raw data & Hourly Summary'!V146) -> 7 | O28: =SUM('Raw data & Hourly Summary'!G146,'Raw data & Hourly Summary'!K146,'Raw data & Hourly Summary'!O146,'Raw data & Hourly Summary'!S146,'Raw data & Hourly Summary'!W146) -> 1 | P28: =SUM(M28:O28) -> 351 | Q28: =SUM('Raw data & Hourly Summary'!Y146,'Raw data & Hourly Summary'!AC146,'Raw data & Hourly Summary'!AG146,'Raw data & Hourly Summary'!AK146,'Raw data & Hourly Summary'!AO146) -> 369 | R28: =SUM('Raw data & Hourly Summary'!Z146,'Raw data & Hourly Summary'!AD146,'Raw data & Hourly Summary'!AH146,'Raw data & Hourly Summary'!AL146,'Raw data & Hourly Summary'!AP146) -> 12 | S28: =SUM('Raw data & Hourly Summary'!AA146,'Raw data & Hourly Summary'!AE146,'Raw data & Hourly Summary'!AI146,'Raw data & Hourly Summary'!AM146,'Raw data & Hourly Summary'!AQ146) -> 24 | T28: =SUM(Q28:S28) -> 405 | U28: =SUM('Raw data & Hourly Summary'!AS146,'Raw data & Hourly Summary'!AW146,'Raw data & Hourly Summary'!BA146,'Raw data & Hourly Summary'!BE146,'Raw data & Hourly Summary'!BI146) -> 199 | V28: =SUM('Raw data & Hourly Summary'!AT146,'Raw data & Hourly Summary'!AX146,'Raw data & Hourly Summary'!BB146,'Raw data & Hourly Summary'!BF146,'Raw data & Hourly Summary'!BJ146) -> 2 | W28: =SUM('Raw data & Hourly Summary'!AU146,'Raw data & Hourly Summary'!AY146,'Raw data & Hourly Summary'!BC146,'Raw data & Hourly Summary'!BG146,'Raw data & Hourly Summary'!BK146) -> 0 | X28: =SUM(U28:W28) -> 201 | Y28: =H28+L28+P28+T28+X28 -> 2188 | AG28: =IF($BD28=$Y28,B28,"") | AH28: =IF($BD28=$Y28,E28,"") | AI28: =IF($BD28=$Y28,F28,"") | AJ28: =IF($BD28=$Y28,G28,"") | AK28: =IF($BD28=$Y28,H28,"") | AL28: =IF($BD28=$Y28,I28,"") | AM28: =IF($BD28=$Y28,J28,"") | AN28: =IF($BD28=$Y28,K28,"") | AO28: =IF($BD28=$Y28,L28,"") | ... BB28: =IF($BD28=$Y28,Y28,"") | BD28: =+BD29 -> 2265
B29: =SUM(0.04166667/4+B28) -> 0.33333334 | C29: to | D29: =SUM(0.04166667)+B29 -> 0.37500001 | E29: =SUM('Raw data & Hourly Summary'!E115,'Raw data & Hourly Summary'!I115,'Raw data & Hourly Summary'!M115,'Raw data & Hourly Summary'!Q115,'Raw data & Hourly Summary'!U115) -> 660 | F29: =SUM('Raw data & Hourly Summary'!F115,'Raw data & Hourly Summary'!J115,'Raw data & Hourly Summary'!N115,'Raw data & Hourly Summary'!R115,'Raw data & Hourly Summary'!V115) -> 15 | G29: =SUM('Raw data & Hourly Summary'!G115,'Raw data & Hourly Summary'!K115,'Raw data & Hourly Summary'!O115,'Raw data & Hourly Summary'!S115,'Raw data & Hourly Summary'!W115) -> 20 | H29: =SUM(E29:G29) -> 695 | I29: =SUM('Raw data & Hourly Summary'!Y115,'Raw data & Hourly Summary'!AC115,'Raw data & Hourly Summary'!AG115,'Raw data & Hourly Summary'!AK115,'Raw data & Hourly Summary'!AO115) -> 542 | J29: =SUM('Raw data & Hourly Summary'!Z115,'Raw data & Hourly Summary'!AD115,'Raw data & Hourly Summary'!AH115,'Raw data & Hourly Summary'!AL115,'Raw data & Hourly Summary'!AP115) -> 7 | K29: =SUM('Raw data & Hourly Summary'!AA115,'Raw data & Hourly Summary'!AE115,'Raw data & Hourly Summary'!AI115,'Raw data & Hourly Summary'!AM115,'Raw data & Hourly Summary'!AQ115) -> 0 | L29: =SUM(I29:K29) -> 549 | M29: =SUM('Raw data & Hourly Summary'!E147,'Raw data & Hourly Summary'!I147,'Raw data & Hourly Summary'!M147,'Raw data & Hourly Summary'!Q147,'Raw data & Hourly Summary'!U147) -> 399 | N29: =SUM('Raw data & Hourly Summary'!F147,'Raw data & Hourly Summary'!J147,'Raw data & Hourly Summary'!N147,'Raw data & Hourly Summary'!R147,'Raw data & Hourly Summary'!V147) -> 6 | O29: =SUM('Raw data & Hourly Summary'!G147,'Raw data & Hourly Summary'!K147,'Raw data & Hourly Summary'!O147,'Raw data & Hourly Summary'!S147,'Raw data & Hourly Summary'!W147) -> 1 | P29: =SUM(M29:O29) -> 406 | Q29: =SUM('Raw data & Hourly Summary'!Y147,'Raw data & Hourly Summary'!AC147,'Raw data & Hourly Summary'!AG147,'Raw data & Hourly Summary'!AK147,'Raw data & Hourly Summary'!AO147) -> 408 | R29: =SUM('Raw data & Hourly Summary'!Z147,'Raw data & Hourly Summary'!AD147,'Raw data & Hourly Summary'!AH147,'Raw data & Hourly Summary'!AL147,'Raw data & Hourly Summary'!AP147) -> 11 | S29: =SUM('Raw data & Hourly Summary'!AA147,'Raw data & Hourly Summary'!AE147,'Raw data & Hourly Summary'!AI147,'Raw data & Hourly Summary'!AM147,'Raw data & Hourly Summary'!AQ147) -> 25 | T29: =SUM(Q29:S29) -> 444 | U29: =SUM('Raw data & Hourly Summary'!AS147,'Raw data & Hourly Summary'!AW147,'Raw data & Hourly Summary'!BA147,'Raw data & Hourly Summary'!BE147,'Raw data & Hourly Summary'!BI147) -> 169 | V29: =SUM('Raw data & Hourly Summary'!AT147,'Raw data & Hourly Summary'!AX147,'Raw data & Hourly Summary'!BB147,'Raw data & Hourly Summary'!BF147,'Raw data & Hourly Summary'!BJ147) -> 0 | W29: =SUM('Raw data & Hourly Summary'!AU147,'Raw data & Hourly Summary'!AY147,'Raw data & Hourly Summary'!BC147,'Raw data & Hourly Summary'!BG147,'Raw data & Hourly Summary'!BK147) -> 0 | X29: =SUM(U29:W29) -> 169 | Y29: =H29+L29+P29+T29+X29 -> 2263 | AG29: =IF($BD29=$Y29,B29,"") | AH29: =IF($BD29=$Y29,E29,"") | AI29: =IF($BD29=$Y29,F29,"") | AJ29: =IF($BD29=$Y29,G29,"") | AK29: =IF($BD29=$Y29,H29,"") | AL29: =IF($BD29=$Y29,I29,"") | AM29: =IF($BD29=$Y29,J29,"") | AN29: =IF($BD29=$Y29,K29,"") | AO29: =IF($BD29=$Y29,L29,"") | ... BB29: =IF($BD29=$Y29,Y29,"") | BD29: =+BD30 -> 2265
B30: =SUM(0.04166667/4+B29) -> 0.34375001 | C30: to | D30: =SUM(0.04166667)+B30 -> 0.38541668 | E30: =SUM('Raw data & Hourly Summary'!E116,'Raw data & Hourly Summary'!I116,'Raw data & Hourly Summary'!M116,'Raw data & Hourly Summary'!Q116,'Raw data & Hourly Summary'!U116) -> 667 | F30: =SUM('Raw data & Hourly Summary'!F116,'Raw data & Hourly Summary'!J116,'Raw data & Hourly Summary'!N116,'Raw data & Hourly Summary'!R116,'Raw data & Hourly Summary'!V116) -> 15 | G30: =SUM('Raw data & Hourly Summary'!G116,'Raw data & Hourly Summary'!K116,'Raw data & Hourly Summary'!O116,'Raw data & Hourly Summary'!S116,'Raw data & Hourly Summary'!W116) -> 21 | H30: =SUM(E30:G30) -> 703 | I30: =SUM('Raw data & Hourly Summary'!Y116,'Raw data & Hourly Summary'!AC116,'Raw data & Hourly Summary'!AG116,'Raw data & Hourly Summary'!AK116,'Raw data & Hourly Summary'!AO116) -> 505 | J30: =SUM('Raw data & Hourly Summary'!Z116,'Raw data & Hourly Summary'!AD116,'Raw data & Hourly Summary'!AH116,'Raw data & Hourly Summary'!AL116,'Raw data & Hourly Summary'!AP116) -> 8 | K30: =SUM('Raw data & Hourly Summary'!AA116,'Raw data & Hourly Summary'!AE116,'Raw data & Hourly Summary'!AI116,'Raw data & Hourly Summary'!AM116,'Raw data & Hourly Summary'!AQ116) -> 0 | L30: =SUM(I30:K30) -> 513 | M30: =SUM('Raw data & Hourly Summary'!E148,'Raw data & Hourly Summary'!I148,'Raw data & Hourly Summary'!M148,'Raw data & Hourly Summary'!Q148,'Raw data & Hourly Summary'!U148) -> 422 | N30: =SUM('Raw data & Hourly Summary'!F148,'Raw data & Hourly Summary'!J148,'Raw data & Hourly Summary'!N148,'Raw data & Hourly Summary'!R148,'Raw data & Hourly Summary'!V148) -> 10 | O30: =SUM('Raw data & Hourly Summary'!G148,'Raw data & Hourly Summary'!K148,'Raw data & Hourly Summary'!O148,'Raw data & Hourly Summary'!S148,'Raw data & Hourly Summary'!W148) -> 0 | P30: =SUM(M30:O30) -> 432 | Q30: =SUM('Raw data & Hourly Summary'!Y148,'Raw data & Hourly Summary'!AC148,'Raw data & Hourly Summary'!AG148,'Raw data & Hourly Summary'!AK148,'Raw data & Hourly Summary'!AO148) -> 451 | R30: =SUM('Raw data & Hourly Summary'!Z148,'Raw data & Hourly Summary'!AD148,'Raw data & Hourly Summary'!AH148,'Raw data & Hourly Summary'!AL148,'Raw data & Hourly Summary'!AP148) -> 12 | S30: =SUM('Raw data & Hourly Summary'!AA148,'Raw data & Hourly Summary'!AE148,'Raw data & Hourly Summary'!AI148,'Raw data & Hourly Summary'!AM148,'Raw data & Hourly Summary'!AQ148) -> 29 | T30: =SUM(Q30:S30) -> 492 | U30: =SUM('Raw data & Hourly Summary'!AS148,'Raw data & Hourly Summary'!AW148,'Raw data & Hourly Summary'!BA148,'Raw data & Hourly Summary'!BE148,'Raw data & Hourly Summary'!BI148) -> 123 | V30: =SUM('Raw data & Hourly Summary'!AT148,'Raw data & Hourly Summary'!AX148,'Raw data & Hourly Summary'!BB148,'Raw data & Hourly Summary'!BF148,'Raw data & Hourly Summary'!BJ148) -> 2 | W30: =SUM('Raw data & Hourly Summary'!AU148,'Raw data & Hourly Summary'!AY148,'Raw data & Hourly Summary'!BC148,'Raw data & Hourly Summary'!BG148,'Raw data & Hourly Summary'!BK148) -> 0 | X30: =SUM(U30:W30) -> 125 | Y30: =H30+L30+P30+T30+X30 -> 2265 | AG30: =IF($BD30=$Y30,B30,"") -> 0.34375001 | AH30: =IF($BD30=$Y30,E30,"") -> 667 | AI30: =IF($BD30=$Y30,F30,"") -> 15 | AJ30: =IF($BD30=$Y30,G30,"") -> 21 | AK30: =IF($BD30=$Y30,H30,"") -> 703 | AL30: =IF($BD30=$Y30,I30,"") -> 505 | AM30: =IF($BD30=$Y30,J30,"") -> 8 | AN30: =IF($BD30=$Y30,K30,"") -> 0 | AO30: =IF($BD30=$Y30,L30,"") -> 513 | ... BB30: =IF($BD30=$Y30,Y30,"") -> 2265 | BD30: =+BD31 -> 2265
B31: =SUM(0.04166667/4+B30) -> 0.35416667 | C31: to | D31: =SUM(0.04166667)+B31 -> 0.39583334 | E31: =SUM('Raw data & Hourly Summary'!E117,'Raw data & Hourly Summary'!I117,'Raw data & Hourly Summary'!M117,'Raw data & Hourly Summary'!Q117,'Raw data & Hourly Summary'!U117) -> 647 | F31: =SUM('Raw data & Hourly Summary'!F117,'Raw data & Hourly Summary'!J117,'Raw data & Hourly Summary'!N117,'Raw data & Hourly Summary'!R117,'Raw data & Hourly Summary'!V117) -> 15 | G31: =SUM('Raw data & Hourly Summary'!G117,'Raw data & Hourly Summary'!K117,'Raw data & Hourly Summary'!O117,'Raw data & Hourly Summary'!S117,'Raw data & Hourly Summary'!W117) -> 20 | H31: =SUM(E31:G31) -> 682 | I31: =SUM('Raw data & Hourly Summary'!Y117,'Raw data & Hourly Summary'!AC117,'Raw data & Hourly Summary'!AG117,'Raw data & Hourly Summary'!AK117,'Raw data & Hourly Summary'!AO117) -> 424 | J31: =SUM('Raw data & Hourly Summary'!Z117,'Raw data & Hourly Summary'!AD117,'Raw data & Hourly Summary'!AH117,'Raw data & Hourly Summary'!AL117,'Raw data & Hourly Summary'!AP117) -> 8 | K31: =SUM('Raw data & Hourly Summary'!AA117,'Raw data & Hourly Summary'!AE117,'Raw data & Hourly Summary'!AI117,'Raw data & Hourly Summary'!AM117,'Raw data & Hourly Summary'!AQ117) -> 0 | L31: =SUM(I31:K31) -> 432 | M31: =SUM('Raw data & Hourly Summary'!E149,'Raw data & Hourly Summary'!I149,'Raw data & Hourly Summary'!M149,'Raw data & Hourly Summary'!Q149,'Raw data & Hourly Summary'!U149) -> 414 | N31: =SUM('Raw data & Hourly Summary'!F149,'Raw data & Hourly Summary'!J149,'Raw data & Hourly Summary'!N149,'Raw data & Hourly Summary'!R149,'Raw data & Hourly Summary'!V149) -> 11 | O31: =SUM('Raw data & Hourly Summary'!G149,'Raw data & Hourly Summary'!K149,'Raw data & Hourly Summary'!O149,'Raw data & Hourly Summary'!S149,'Raw data & Hourly Summary'!W149) -> 0 | P31: =SUM(M31:O31) -> 425 | Q31: =SUM('Raw data & Hourly Summary'!Y149,'Raw data & Hourly Summary'!AC149,'Raw data & Hourly Summary'!AG149,'Raw data & Hourly Summary'!AK149,'Raw data & Hourly Summary'!AO149) -> 459 | R31: =SUM('Raw data & Hourly Summary'!Z149,'Raw data & Hourly Summary'!AD149,'Raw data & Hourly Summary'!AH149,'Raw data & Hourly Summary'!AL149,'Raw data & Hourly Summary'!AP149) -> 16 | S31: =SUM('Raw data & Hourly Summary'!AA149,'Raw data & Hourly Summary'!AE149,'Raw data & Hourly Summary'!AI149,'Raw data & Hourly Summary'!AM149,'Raw data & Hourly Summary'!AQ149) -> 28 | T31: =SUM(Q31:S31) -> 503 | U31: =SUM('Raw data & Hourly Summary'!AS149,'Raw data & Hourly Summary'!AW149,'Raw data & Hourly Summary'!BA149,'Raw data & Hourly Summary'!BE149,'Raw data & Hourly Summary'!BI149) -> 87 | V31: =SUM('Raw data & Hourly Summary'!AT149,'Raw data & Hourly Summary'!AX149,'Raw data & Hourly Summary'!BB149,'Raw data & Hourly Summary'!BF149,'Raw data & Hourly Summary'!BJ149) -> 2 | W31: =SUM('Raw data & Hourly Summary'!AU149,'Raw data & Hourly Summary'!AY149,'Raw data & Hourly Summary'!BC149,'Raw data & Hourly Summary'!BG149,'Raw data & Hourly Summary'!BK149) -> 0 | X31: =SUM(U31:W31) -> 89 | Y31: =H31+L31+P31+T31+X31 -> 2131 | AG31: =IF($BD31=$Y31,B31,"") | AH31: =IF($BD31=$Y31,E31,"") | AI31: =IF($BD31=$Y31,F31,"") | AJ31: =IF($BD31=$Y31,G31,"") | AK31: =IF($BD31=$Y31,H31,"") | AL31: =IF($BD31=$Y31,I31,"") | AM31: =IF($BD31=$Y31,J31,"") | AN31: =IF($BD31=$Y31,K31,"") | AO31: =IF($BD31=$Y31,L31,"") | ... BB31: =IF($BD31=$Y31,Y31,"") | BD31: =+BD32 -> 2265
B32: =SUM(0.04166667/4+B31) -> 0.36458334 | C32: to | D32: =SUM(0.04166667)+B32 -> 0.40625001 | E32: =SUM('Raw data & Hourly Summary'!E118,'Raw data & Hourly Summary'!I118,'Raw data & Hourly Summary'!M118,'Raw data & Hourly Summary'!Q118,'Raw data & Hourly Summary'!U118) -> 641 | F32: =SUM('Raw data & Hourly Summary'!F118,'Raw data & Hourly Summary'!J118,'Raw data & Hourly Summary'!N118,'Raw data & Hourly Summary'!R118,'Raw data & Hourly Summary'!V118) -> 16 | G32: =SUM('Raw data & Hourly Summary'!G118,'Raw data & Hourly Summary'!K118,'Raw data & Hourly Summary'!O118,'Raw data & Hourly Summary'!S118,'Raw data & Hourly Summary'!W118) -> 19 | H32: =SUM(E32:G32) -> 676 | I32: =SUM('Raw data & Hourly Summary'!Y118,'Raw data & Hourly Summary'!AC118,'Raw data & Hourly Summary'!AG118,'Raw data & Hourly Summary'!AK118,'Raw data & Hourly Summary'!AO118) -> 360 | J32: =SUM('Raw data & Hourly Summary'!Z118,'Raw data & Hourly Summary'!AD118,'Raw data & Hourly Summary'!AH118,'Raw data & Hourly Summary'!AL118,'Raw data & Hourly Summary'!AP118) -> 12 | K32: =SUM('Raw data & Hourly Summary'!AA118,'Raw data & Hourly Summary'!AE118,'Raw data & Hourly Summary'!AI118,'Raw data & Hourly Summary'!AM118,'Raw data & Hourly Summary'!AQ118) -> 0 | L32: =SUM(I32:K32) -> 372 | M32: =SUM('Raw data & Hourly Summary'!E150,'Raw data & Hourly Summary'!I150,'Raw data & Hourly Summary'!M150,'Raw data & Hourly Summary'!Q150,'Raw data & Hourly Summary'!U150) -> 410 | N32: =SUM('Raw data & Hourly Summary'!F150,'Raw data & Hourly Summary'!J150,'Raw data & Hourly Summary'!N150,'Raw data & Hourly Summary'!R150,'Raw data & Hourly Summary'!V150) -> 9 | O32: =SUM('Raw data & Hourly Summary'!G150,'Raw data & Hourly Summary'!K150,'Raw data & Hourly Summary'!O150,'Raw data & Hourly Summary'!S150,'Raw data & Hourly Summary'!W150) -> 0 | P32: =SUM(M32:O32) -> 419 | Q32: =SUM('Raw data & Hourly Summary'!Y150,'Raw data & Hourly Summary'!AC150,'Raw data & Hourly Summary'!AG150,'Raw data & Hourly Summary'!AK150,'Raw data & Hourly Summary'!AO150) -> 449 | R32: =SUM('Raw data & Hourly Summary'!Z150,'Raw data & Hourly Summary'!AD150,'Raw data & Hourly Summary'!AH150,'Raw data & Hourly Summary'!AL150,'Raw data & Hourly Summary'!AP150) -> 16 | S32: =SUM('Raw data & Hourly Summary'!AA150,'Raw data & Hourly Summary'!AE150,'Raw data & Hourly Summary'!AI150,'Raw data & Hourly Summary'!AM150,'Raw data & Hourly Summary'!AQ150) -> 36 | T32: =SUM(Q32:S32) -> 501 | U32: =SUM('Raw data & Hourly Summary'!AS150,'Raw data & Hourly Summary'!AW150,'Raw data & Hourly Summary'!BA150,'Raw data & Hourly Summary'!BE150,'Raw data & Hourly Summary'!BI150) -> 67 | V32: =SUM('Raw data & Hourly Summary'!AT150,'Raw data & Hourly Summary'!AX150,'Raw data & Hourly Summary'!BB150,'Raw data & Hourly Summary'!BF150,'Raw data & Hourly Summary'!BJ150) -> 2 | W32: =SUM('Raw data & Hourly Summary'!AU150,'Raw data & Hourly Summary'!AY150,'Raw data & Hourly Summary'!BC150,'Raw data & Hourly Summary'!BG150,'Raw data & Hourly Summary'!BK150) -> 0 | X32: =SUM(U32:W32) -> 69 | Y32: =H32+L32+P32+T32+X32 -> 2037 | AG32: =IF($BD32=$Y32,B32,"") | AH32: =IF($BD32=$Y32,E32,"") | AI32: =IF($BD32=$Y32,F32,"") | AJ32: =IF($BD32=$Y32,G32,"") | AK32: =IF($BD32=$Y32,H32,"") | AL32: =IF($BD32=$Y32,I32,"") | AM32: =IF($BD32=$Y32,J32,"") | AN32: =IF($BD32=$Y32,K32,"") | AO32: =IF($BD32=$Y32,L32,"") | ... BB32: =IF($BD32=$Y32,Y32,"") | BD32: =+BD33 -> 2265
B33: =SUM(0.04166667/4+B32) -> 0.37500001 | C33: to | D33: =SUM(0.04166667)+B33 -> 0.41666668 | E33: =SUM('Raw data & Hourly Summary'!E119,'Raw data & Hourly Summary'!I119,'Raw data & Hourly Summary'!M119,'Raw data & Hourly Summary'!Q119,'Raw data & Hourly Summary'!U119) -> 615 | F33: =SUM('Raw data & Hourly Summary'!F119,'Raw data & Hourly Summary'!J119,'Raw data & Hourly Summary'!N119,'Raw data & Hourly Summary'!R119,'Raw data & Hourly Summary'!V119) -> 12 | G33: =SUM('Raw data & Hourly Summary'!G119,'Raw data & Hourly Summary'!K119,'Raw data & Hourly Summary'!O119,'Raw data & Hourly Summary'!S119,'Raw data & Hourly Summary'!W119) -> 18 | H33: =SUM(E33:G33) -> 645 | I33: =SUM('Raw data & Hourly Summary'!Y119,'Raw data & Hourly Summary'!AC119,'Raw data & Hourly Summary'!AG119,'Raw data & Hourly Summary'!AK119,'Raw data & Hourly Summary'!AO119) -> 297 | J33: =SUM('Raw data & Hourly Summary'!Z119,'Raw data & Hourly Summary'!AD119,'Raw data & Hourly Summary'!AH119,'Raw data & Hourly Summary'!AL119,'Raw data & Hourly Summary'!AP119) -> 12 | K33: =SUM('Raw data & Hourly Summary'!AA119,'Raw data & Hourly Summary'!AE119,'Raw data & Hourly Summary'!AI119,'Raw data & Hourly Summary'!AM119,'Raw data & Hourly Summary'!AQ119) -> 0 | L33: =SUM(I33:K33) -> 309 | M33: =SUM('Raw data & Hourly Summary'!E151,'Raw data & Hourly Summary'!I151,'Raw data & Hourly Summary'!M151,'Raw data & Hourly Summary'!Q151,'Raw data & Hourly Summary'!U151) -> 377 | N33: =SUM('Raw data & Hourly Summary'!F151,'Raw data & Hourly Summary'!J151,'Raw data & Hourly Summary'!N151,'Raw data & Hourly Summary'!R151,'Raw data & Hourly Summary'!V151) -> 15 | O33: =SUM('Raw data & Hourly Summary'!G151,'Raw data & Hourly Summary'!K151,'Raw data & Hourly Summary'!O151,'Raw data & Hourly Summary'!S151,'Raw data & Hourly Summary'!W151) -> 0 | P33: =SUM(M33:O33) -> 392 | Q33: =SUM('Raw data & Hourly Summary'!Y151,'Raw data & Hourly Summary'!AC151,'Raw data & Hourly Summary'!AG151,'Raw data & Hourly Summary'!AK151,'Raw data & Hourly Summary'!AO151) -> 427 | R33: =SUM('Raw data & Hourly Summary'!Z151,'Raw data & Hourly Summary'!AD151,'Raw data & Hourly Summary'!AH151,'Raw data & Hourly Summary'!AL151,'Raw data & Hourly Summary'!AP151) -> 13 | S33: =SUM('Raw data & Hourly Summary'!AA151,'Raw data & Hourly Summary'!AE151,'Raw data & Hourly Summary'!AI151,'Raw data & Hourly Summary'!AM151,'Raw data & Hourly Summary'!AQ151) -> 32 | T33: =SUM(Q33:S33) -> 472 | U33: =SUM('Raw data & Hourly Summary'!AS151,'Raw data & Hourly Summary'!AW151,'Raw data & Hourly Summary'!BA151,'Raw data & Hourly Summary'!BE151,'Raw data & Hourly Summary'!BI151) -> 58 | V33: =SUM('Raw data & Hourly Summary'!AT151,'Raw data & Hourly Summary'!AX151,'Raw data & Hourly Summary'!BB151,'Raw data & Hourly Summary'!BF151,'Raw data & Hourly Summary'!BJ151) -> 4 | W33: =SUM('Raw data & Hourly Summary'!AU151,'Raw data & Hourly Summary'!AY151,'Raw data & Hourly Summary'!BC151,'Raw data & Hourly Summary'!BG151,'Raw data & Hourly Summary'!BK151) -> 0 | X33: =SUM(U33:W33) -> 62 | Y33: =H33+L33+P33+T33+X33 -> 1880 | AG33: =IF($BD33=$Y33,B33,"") | AH33: =IF($BD33=$Y33,E33,"") | AI33: =IF($BD33=$Y33,F33,"") | AJ33: =IF($BD33=$Y33,G33,"") | AK33: =IF($BD33=$Y33,H33,"") | AL33: =IF($BD33=$Y33,I33,"") | AM33: =IF($BD33=$Y33,J33,"") | AN33: =IF($BD33=$Y33,K33,"") | AO33: =IF($BD33=$Y33,L33,"") | ... BB33: =IF($BD33=$Y33,Y33,"") | BD33: =AI17 -> 2265
B34: ='Raw data & Hourly Summary'!B34:D34 -> AM Totals | E34: =SUM('Raw data & Hourly Summary'!E120,'Raw data & Hourly Summary'!I120,'Raw data & Hourly Summary'!M120,'Raw data & Hourly Summary'!Q120,'Raw data & Hourly Summary'!U120) -> 2778 | F34: =SUM('Raw data & Hourly Summary'!F120,'Raw data & Hourly Summary'!J120,'Raw data & Hourly Summary'!N120,'Raw data & Hourly Summary'!R120,'Raw data & Hourly Summary'!V120) -> 50 | G34: =SUM('Raw data & Hourly Summary'!G120,'Raw data & Hourly Summary'!K120,'Raw data & Hourly Summary'!O120,'Raw data & Hourly Summary'!S120,'Raw data & Hourly Summary'!W120) -> 80 | H34: =SUM(E34:G34) -> 2908 | I34: =SUM('Raw data & Hourly Summary'!Y120,'Raw data & Hourly Summary'!AC120,'Raw data & Hourly Summary'!AG120,'Raw data & Hourly Summary'!AK120,'Raw data & Hourly Summary'!AO120) -> 1331 | J34: =SUM('Raw data & Hourly Summary'!Z120,'Raw data & Hourly Summary'!AD120,'Raw data & Hourly Summary'!AH120,'Raw data & Hourly Summary'!AL120,'Raw data & Hourly Summary'!AP120) -> 25 | K34: =SUM('Raw data & Hourly Summary'!AA120,'Raw data & Hourly Summary'!AE120,'Raw data & Hourly Summary'!AI120,'Raw data & Hourly Summary'!AM120,'Raw data & Hourly Summary'!AQ120) -> 0 | L34: =SUM(I34:K34) -> 1356 | M34: =SUM('Raw data & Hourly Summary'!E152,'Raw data & Hourly Summary'!I152,'Raw data & Hourly Summary'!M152,'Raw data & Hourly Summary'!Q152,'Raw data & Hourly Summary'!U152) -> 1087 | N34: =SUM('Raw data & Hourly Summary'!F152,'Raw data & Hourly Summary'!J152,'Raw data & Hourly Summary'!N152,'Raw data & Hourly Summary'!R152,'Raw data & Hourly Summary'!V152) -> 40 | O34: =SUM('Raw data & Hourly Summary'!G152,'Raw data & Hourly Summary'!K152,'Raw data & Hourly Summary'!O152,'Raw data & Hourly Summary'!S152,'Raw data & Hourly Summary'!W152) -> 1 | P34: =SUM(M34:O34) -> 1128 | Q34: =SUM('Raw data & Hourly Summary'!Y152,'Raw data & Hourly Summary'!AC152,'Raw data & Hourly Summary'!AG152,'Raw data & Hourly Summary'!AK152,'Raw data & Hourly Summary'!AO152) -> 1213 | R34: =SUM('Raw data & Hourly Summary'!Z152,'Raw data & Hourly Summary'!AD152,'Raw data & Hourly Summary'!AH152,'Raw data & Hourly Summary'!AL152,'Raw data & Hourly Summary'!AP152) -> 40 | S34: =SUM('Raw data & Hourly Summary'!AA152,'Raw data & Hourly Summary'!AE152,'Raw data & Hourly Summary'!AI152,'Raw data & Hourly Summary'!AM152,'Raw data & Hourly Summary'!AQ152) -> 81 | T34: =SUM(Q34:S34) -> 1334 | U34: =SUM('Raw data & Hourly Summary'!AS152,'Raw data & Hourly Summary'!AW152,'Raw data & Hourly Summary'!BA152,'Raw data & Hourly Summary'!BE152,'Raw data & Hourly Summary'!BI152) -> 412 | V34: =SUM('Raw data & Hourly Summary'!AT152,'Raw data & Hourly Summary'!AX152,'Raw data & Hourly Summary'!BB152,'Raw data & Hourly Summary'!BF152,'Raw data & Hourly Summary'!BJ152) -> 9 | W34: =SUM('Raw data & Hourly Summary'!AU152,'Raw data & Hourly Summary'!AY152,'Raw data & Hourly Summary'!BC152,'Raw data & Hourly Summary'!BG152,'Raw data & Hourly Summary'!BK152) -> 0 | X34: =SUM(U34:W34) -> 421 | Y34: =H34+L34+P34+T34+X34 -> 7147
B35: ='Raw data & Hourly Summary'!B35 -> 0.60416667 | C35: to | D35: =SUM(0.04166667)+B35 -> 0.64583334 | E35: =SUM('Raw data & Hourly Summary'!E121,'Raw data & Hourly Summary'!I121,'Raw data & Hourly Summary'!M121,'Raw data & Hourly Summary'!Q121,'Raw data & Hourly Summary'!U121) -> 652 | F35: =SUM('Raw data & Hourly Summary'!F121,'Raw data & Hourly Summary'!J121,'Raw data & Hourly Summary'!N121,'Raw data & Hourly Summary'!R121,'Raw data & Hourly Summary'!V121) -> 9 | G35: =SUM('Raw data & Hourly Summary'!G121,'Raw data & Hourly Summary'!K121,'Raw data & Hourly Summary'!O121,'Raw data & Hourly Summary'!S121,'Raw data & Hourly Summary'!W121) -> 17 | H35: =SUM(E35:G35) -> 678 | I35: =SUM('Raw data & Hourly Summary'!Y121,'Raw data & Hourly Summary'!AC121,'Raw data & Hourly Summary'!AG121,'Raw data & Hourly Summary'!AK121,'Raw data & Hourly Summary'!AO121) -> 371 | J35: =SUM('Raw data & Hourly Summary'!Z121,'Raw data & Hourly Summary'!AD121,'Raw data & Hourly Summary'!AH121,'Raw data & Hourly Summary'!AL121,'Raw data & Hourly Summary'!AP121) -> 5 | K35: =SUM('Raw data & Hourly Summary'!AA121,'Raw data & Hourly Summary'!AE121,'Raw data & Hourly Summary'!AI121,'Raw data & Hourly Summary'!AM121,'Raw data & Hourly Summary'!AQ121) -> 0 | L35: =SUM(I35:K35) -> 376 | M35: =SUM('Raw data & Hourly Summary'!E153,'Raw data & Hourly Summary'!I153,'Raw data & Hourly Summary'!M153,'Raw data & Hourly Summary'!Q153,'Raw data & Hourly Summary'!U153) -> 571 | N35: =SUM('Raw data & Hourly Summary'!F153,'Raw data & Hourly Summary'!J153,'Raw data & Hourly Summary'!N153,'Raw data & Hourly Summary'!R153,'Raw data & Hourly Summary'!V153) -> 8 | O35: =SUM('Raw data & Hourly Summary'!G153,'Raw data & Hourly Summary'!K153,'Raw data & Hourly Summary'!O153,'Raw data & Hourly Summary'!S153,'Raw data & Hourly Summary'!W153) -> 1 | P35: =SUM(M35:O35) -> 580 | Q35: =SUM('Raw data & Hourly Summary'!Y153,'Raw data & Hourly Summary'!AC153,'Raw data & Hourly Summary'!AG153,'Raw data & Hourly Summary'!AK153,'Raw data & Hourly Summary'!AO153) -> 577 | R35: =SUM('Raw data & Hourly Summary'!Z153,'Raw data & Hourly Summary'!AD153,'Raw data & Hourly Summary'!AH153,'Raw data & Hourly Summary'!AL153,'Raw data & Hourly Summary'!AP153) -> 7 | S35: =SUM('Raw data & Hourly Summary'!AA153,'Raw data & Hourly Summary'!AE153,'Raw data & Hourly Summary'!AI153,'Raw data & Hourly Summary'!AM153,'Raw data & Hourly Summary'!AQ153) -> 14 | T35: =SUM(Q35:S35) -> 598 | U35: =SUM('Raw data & Hourly Summary'!AS153,'Raw data & Hourly Summary'!AW153,'Raw data & Hourly Summary'!BA153,'Raw data & Hourly Summary'!BE153,'Raw data & Hourly Summary'!BI153) -> 97 | V35: =SUM('Raw data & Hourly Summary'!AT153,'Raw data & Hourly Summary'!AX153,'Raw data & Hourly Summary'!BB153,'Raw data & Hourly Summary'!BF153,'Raw data & Hourly Summary'!BJ153) -> 1 | W35: =SUM('Raw data & Hourly Summary'!AU153,'Raw data & Hourly Summary'!AY153,'Raw data & Hourly Summary'!BC153,'Raw data & Hourly Summary'!BG153,'Raw data & Hourly Summary'!BK153) -> 0 | X35: =SUM(U35:W35) -> 98 | Y35: =H35+L35+P35+T35+X35 -> 2330 | AG35: =IF($BD35=$Y35,B35,"") | AH35: =IF($BD35=$Y35,E35,"") | AI35: =IF($BD35=$Y35,F35,"") | AJ35: =IF($BD35=$Y35,G35,"") | AK35: =IF($BD35=$Y35,H35,"") | AL35: =IF($BD35=$Y35,I35,"") | AM35: =IF($BD35=$Y35,J35,"") | AN35: =IF($BD35=$Y35,K35,"") | AO35: =IF($BD35=$Y35,L35,"") | ... BB35: =IF($BD35=$Y35,Y35,"") | BD35: =+BD36 -> 2665
B36: =SUM(0.04166667/4+B35) -> 0.61458333 | C36: to | D36: =SUM(0.04166667)+B36 -> 0.65625 | E36: =SUM('Raw data & Hourly Summary'!E122,'Raw data & Hourly Summary'!I122,'Raw data & Hourly Summary'!M122,'Raw data & Hourly Summary'!Q122,'Raw data & Hourly Summary'!U122) -> 687 | F36: =SUM('Raw data & Hourly Summary'!F122,'Raw data & Hourly Summary'!J122,'Raw data & Hourly Summary'!N122,'Raw data & Hourly Summary'!R122,'Raw data & Hourly Summary'!V122) -> 8 | G36: =SUM('Raw data & Hourly Summary'!G122,'Raw data & Hourly Summary'!K122,'Raw data & Hourly Summary'!O122,'Raw data & Hourly Summary'!S122,'Raw data & Hourly Summary'!W122) -> 16 | H36: =SUM(E36:G36) -> 711 | I36: =SUM('Raw data & Hourly Summary'!Y122,'Raw data & Hourly Summary'!AC122,'Raw data & Hourly Summary'!AG122,'Raw data & Hourly Summary'!AK122,'Raw data & Hourly Summary'!AO122) -> 374 | J36: =SUM('Raw data & Hourly Summary'!Z122,'Raw data & Hourly Summary'!AD122,'Raw data & Hourly Summary'!AH122,'Raw data & Hourly Summary'!AL122,'Raw data & Hourly Summary'!AP122) -> 7 | K36: =SUM('Raw data & Hourly Summary'!AA122,'Raw data & Hourly Summary'!AE122,'Raw data & Hourly Summary'!AI122,'Raw data & Hourly Summary'!AM122,'Raw data & Hourly Summary'!AQ122) -> 0 | L36: =SUM(I36:K36) -> 381 | M36: =SUM('Raw data & Hourly Summary'!E154,'Raw data & Hourly Summary'!I154,'Raw data & Hourly Summary'!M154,'Raw data & Hourly Summary'!Q154,'Raw data & Hourly Summary'!U154) -> 616 | N36: =SUM('Raw data & Hourly Summary'!F154,'Raw data & Hourly Summary'!J154,'Raw data & Hourly Summary'!N154,'Raw data & Hourly Summary'!R154,'Raw data & Hourly Summary'!V154) -> 7 | O36: =SUM('Raw data & Hourly Summary'!G154,'Raw data & Hourly Summary'!K154,'Raw data & Hourly Summary'!O154,'Raw data & Hourly Summary'!S154,'Raw data & Hourly Summary'!W154) -> 0 | P36: =SUM(M36:O36) -> 623 | Q36: =SUM('Raw data & Hourly Summary'!Y154,'Raw data & Hourly Summary'!AC154,'Raw data & Hourly Summary'!AG154,'Raw data & Hourly Summary'!AK154,'Raw data & Hourly Summary'!AO154) -> 602 | R36: =SUM('Raw data & Hourly Summary'!Z154,'Raw data & Hourly Summary'!AD154,'Raw data & Hourly Summary'!AH154,'Raw data & Hourly Summary'!AL154,'Raw data & Hourly Summary'!AP154) -> 5 | S36: =SUM('Raw data & Hourly Summary'!AA154,'Raw data & Hourly Summary'!AE154,'Raw data & Hourly Summary'!AI154,'Raw data & Hourly Summary'!AM154,'Raw data & Hourly Summary'!AQ154) -> 14 | T36: =SUM(Q36:S36) -> 621 | U36: =SUM('Raw data & Hourly Summary'!AS154,'Raw data & Hourly Summary'!AW154,'Raw data & Hourly Summary'!BA154,'Raw data & Hourly Summary'!BE154,'Raw data & Hourly Summary'!BI154) -> 96 | V36: =SUM('Raw data & Hourly Summary'!AT154,'Raw data & Hourly Summary'!AX154,'Raw data & Hourly Summary'!BB154,'Raw data & Hourly Summary'!BF154,'Raw data & Hourly Summary'!BJ154) -> 1 | W36: =SUM('Raw data & Hourly Summary'!AU154,'Raw data & Hourly Summary'!AY154,'Raw data & Hourly Summary'!BC154,'Raw data & Hourly Summary'!BG154,'Raw data & Hourly Summary'!BK154) -> 0 | X36: =SUM(U36:W36) -> 97 | Y36: =H36+L36+P36+T36+X36 -> 2433 | AG36: =IF($BD36=$Y36,B36,"") | AH36: =IF($BD36=$Y36,E36,"") | AI36: =IF($BD36=$Y36,F36,"") | AJ36: =IF($BD36=$Y36,G36,"") | AK36: =IF($BD36=$Y36,H36,"") | AL36: =IF($BD36=$Y36,I36,"") | AM36: =IF($BD36=$Y36,J36,"") | AN36: =IF($BD36=$Y36,K36,"") | AO36: =IF($BD36=$Y36,L36,"") | ... BB36: =IF($BD36=$Y36,Y36,"") | BD36: =+BD37 -> 2665
B37: =SUM(0.04166667/4+B36) -> 0.625 | C37: to | D37: =SUM(0.04166667)+B37 -> 0.66666667 | E37: =SUM('Raw data & Hourly Summary'!E123,'Raw data & Hourly Summary'!I123,'Raw data & Hourly Summary'!M123,'Raw data & Hourly Summary'!Q123,'Raw data & Hourly Summary'!U123) -> 651 | F37: =SUM('Raw data & Hourly Summary'!F123,'Raw data & Hourly Summary'!J123,'Raw data & Hourly Summary'!N123,'Raw data & Hourly Summary'!R123,'Raw data & Hourly Summary'!V123) -> 7 | G37: =SUM('Raw data & Hourly Summary'!G123,'Raw data & Hourly Summary'!K123,'Raw data & Hourly Summary'!O123,'Raw data & Hourly Summary'!S123,'Raw data & Hourly Summary'!W123) -> 16 | H37: =SUM(E37:G37) -> 674 | I37: =SUM('Raw data & Hourly Summary'!Y123,'Raw data & Hourly Summary'!AC123,'Raw data & Hourly Summary'!AG123,'Raw data & Hourly Summary'!AK123,'Raw data & Hourly Summary'!AO123) -> 367 | J37: =SUM('Raw data & Hourly Summary'!Z123,'Raw data & Hourly Summary'!AD123,'Raw data & Hourly Summary'!AH123,'Raw data & Hourly Summary'!AL123,'Raw data & Hourly Summary'!AP123) -> 4 | K37: =SUM('Raw data & Hourly Summary'!AA123,'Raw data & Hourly Summary'!AE123,'Raw data & Hourly Summary'!AI123,'Raw data & Hourly Summary'!AM123,'Raw data & Hourly Summary'!AQ123) -> 0 | L37: =SUM(I37:K37) -> 371 | M37: =SUM('Raw data & Hourly Summary'!E155,'Raw data & Hourly Summary'!I155,'Raw data & Hourly Summary'!M155,'Raw data & Hourly Summary'!Q155,'Raw data & Hourly Summary'!U155) -> 637 | N37: =SUM('Raw data & Hourly Summary'!F155,'Raw data & Hourly Summary'!J155,'Raw data & Hourly Summary'!N155,'Raw data & Hourly Summary'!R155,'Raw data & Hourly Summary'!V155) -> 5 | O37: =SUM('Raw data & Hourly Summary'!G155,'Raw data & Hourly Summary'!K155,'Raw data & Hourly Summary'!O155,'Raw data & Hourly Summary'!S155,'Raw data & Hourly Summary'!W155) -> 0 | P37: =SUM(M37:O37) -> 642 | Q37: =SUM('Raw data & Hourly Summary'!Y155,'Raw data & Hourly Summary'!AC155,'Raw data & Hourly Summary'!AG155,'Raw data & Hourly Summary'!AK155,'Raw data & Hourly Summary'!AO155) -> 634 | R37: =SUM('Raw data & Hourly Summary'!Z155,'Raw data & Hourly Summary'!AD155,'Raw data & Hourly Summary'!AH155,'Raw data & Hourly Summary'!AL155,'Raw data & Hourly Summary'!AP155) -> 8 | S37: =SUM('Raw data & Hourly Summary'!AA155,'Raw data & Hourly Summary'!AE155,'Raw data & Hourly Summary'!AI155,'Raw data & Hourly Summary'!AM155,'Raw data & Hourly Summary'!AQ155) -> 15 | T37: =SUM(Q37:S37) -> 657 | U37: =SUM('Raw data & Hourly Summary'!AS155,'Raw data & Hourly Summary'!AW155,'Raw data & Hourly Summary'!BA155,'Raw data & Hourly Summary'!BE155,'Raw data & Hourly Summary'!BI155) -> 83 | V37: =SUM('Raw data & Hourly Summary'!AT155,'Raw data & Hourly Summary'!AX155,'Raw data & Hourly Summary'!BB155,'Raw data & Hourly Summary'!BF155,'Raw data & Hourly Summary'!BJ155) -> 1 | W37: =SUM('Raw data & Hourly Summary'!AU155,'Raw data & Hourly Summary'!AY155,'Raw data & Hourly Summary'!BC155,'Raw data & Hourly Summary'!BG155,'Raw data & Hourly Summary'!BK155) -> 0 | X37: =SUM(U37:W37) -> 84 | Y37: =H37+L37+P37+T37+X37 -> 2428 | AG37: =IF($BD37=$Y37,B37,"") | AH37: =IF($BD37=$Y37,E37,"") | AI37: =IF($BD37=$Y37,F37,"") | AJ37: =IF($BD37=$Y37,G37,"") | AK37: =IF($BD37=$Y37,H37,"") | AL37: =IF($BD37=$Y37,I37,"") | AM37: =IF($BD37=$Y37,J37,"") | AN37: =IF($BD37=$Y37,K37,"") | AO37: =IF($BD37=$Y37,L37,"") | ... BB37: =IF($BD37=$Y37,Y37,"") | BD37: =+BD38 -> 2665
B38: =SUM(0.04166667/4+B37) -> 0.63541667 | C38: to | D38: =SUM(0.04166667)+B38 -> 0.67708334 | E38: =SUM('Raw data & Hourly Summary'!E124,'Raw data & Hourly Summary'!I124,'Raw data & Hourly Summary'!M124,'Raw data & Hourly Summary'!Q124,'Raw data & Hourly Summary'!U124) -> 672 | F38: =SUM('Raw data & Hourly Summary'!F124,'Raw data & Hourly Summary'!J124,'Raw data & Hourly Summary'!N124,'Raw data & Hourly Summary'!R124,'Raw data & Hourly Summary'!V124) -> 7 | G38: =SUM('Raw data & Hourly Summary'!G124,'Raw data & Hourly Summary'!K124,'Raw data & Hourly Summary'!O124,'Raw data & Hourly Summary'!S124,'Raw data & Hourly Summary'!W124) -> 17 | H38: =SUM(E38:G38) -> 696 | I38: =SUM('Raw data & Hourly Summary'!Y124,'Raw data & Hourly Summary'!AC124,'Raw data & Hourly Summary'!AG124,'Raw data & Hourly Summary'!AK124,'Raw data & Hourly Summary'!AO124) -> 311 | J38: =SUM('Raw data & Hourly Summary'!Z124,'Raw data & Hourly Summary'!AD124,'Raw data & Hourly Summary'!AH124,'Raw data & Hourly Summary'!AL124,'Raw data & Hourly Summary'!AP124) -> 5 | K38: =SUM('Raw data & Hourly Summary'!AA124,'Raw data & Hourly Summary'!AE124,'Raw data & Hourly Summary'!AI124,'Raw data & Hourly Summary'!AM124,'Raw data & Hourly Summary'!AQ124) -> 0 | L38: =SUM(I38:K38) -> 316 | M38: =SUM('Raw data & Hourly Summary'!E156,'Raw data & Hourly Summary'!I156,'Raw data & Hourly Summary'!M156,'Raw data & Hourly Summary'!Q156,'Raw data & Hourly Summary'!U156) -> 648 | N38: =SUM('Raw data & Hourly Summary'!F156,'Raw data & Hourly Summary'!J156,'Raw data & Hourly Summary'!N156,'Raw data & Hourly Summary'!R156,'Raw data & Hourly Summary'!V156) -> 4 | O38: =SUM('Raw data & Hourly Summary'!G156,'Raw data & Hourly Summary'!K156,'Raw data & Hourly Summary'!O156,'Raw data & Hourly Summary'!S156,'Raw data & Hourly Summary'!W156) -> 0 | P38: =SUM(M38:O38) -> 652 | Q38: =SUM('Raw data & Hourly Summary'!Y156,'Raw data & Hourly Summary'!AC156,'Raw data & Hourly Summary'!AG156,'Raw data & Hourly Summary'!AK156,'Raw data & Hourly Summary'!AO156) -> 655 | R38: =SUM('Raw data & Hourly Summary'!Z156,'Raw data & Hourly Summary'!AD156,'Raw data & Hourly Summary'!AH156,'Raw data & Hourly Summary'!AL156,'Raw data & Hourly Summary'!AP156) -> 12 | S38: =SUM('Raw data & Hourly Summary'!AA156,'Raw data & Hourly Summary'!AE156,'Raw data & Hourly Summary'!AI156,'Raw data & Hourly Summary'!AM156,'Raw data & Hourly Summary'!AQ156) -> 21 | T38: =SUM(Q38:S38) -> 688 | U38: =SUM('Raw data & Hourly Summary'!AS156,'Raw data & Hourly Summary'!AW156,'Raw data & Hourly Summary'!BA156,'Raw data & Hourly Summary'!BE156,'Raw data & Hourly Summary'!BI156) -> 78 | V38: =SUM('Raw data & Hourly Summary'!AT156,'Raw data & Hourly Summary'!AX156,'Raw data & Hourly Summary'!BB156,'Raw data & Hourly Summary'!BF156,'Raw data & Hourly Summary'!BJ156) -> 1 | W38: =SUM('Raw data & Hourly Summary'!AU156,'Raw data & Hourly Summary'!AY156,'Raw data & Hourly Summary'!BC156,'Raw data & Hourly Summary'!BG156,'Raw data & Hourly Summary'!BK156) -> 0 | X38: =SUM(U38:W38) -> 79 | Y38: =H38+L38+P38+T38+X38 -> 2431 | AG38: =IF($BD38=$Y38,B38,"") | AH38: =IF($BD38=$Y38,E38,"") | AI38: =IF($BD38=$Y38,F38,"") | AJ38: =IF($BD38=$Y38,G38,"") | AK38: =IF($BD38=$Y38,H38,"") | AL38: =IF($BD38=$Y38,I38,"") | AM38: =IF($BD38=$Y38,J38,"") | AN38: =IF($BD38=$Y38,K38,"") | AO38: =IF($BD38=$Y38,L38,"") | ... BB38: =IF($BD38=$Y38,Y38,"") | BD38: =+BD39 -> 2665
B39: =SUM(0.04166667/4+B38) -> 0.64583334 | C39: to | D39: =SUM(0.04166667)+B39 -> 0.68750001 | E39: =SUM('Raw data & Hourly Summary'!E125,'Raw data & Hourly Summary'!I125,'Raw data & Hourly Summary'!M125,'Raw data & Hourly Summary'!Q125,'Raw data & Hourly Summary'!U125) -> 668 | F39: =SUM('Raw data & Hourly Summary'!F125,'Raw data & Hourly Summary'!J125,'Raw data & Hourly Summary'!N125,'Raw data & Hourly Summary'!R125,'Raw data & Hourly Summary'!V125) -> 6 | G39: =SUM('Raw data & Hourly Summary'!G125,'Raw data & Hourly Summary'!K125,'Raw data & Hourly Summary'!O125,'Raw data & Hourly Summary'!S125,'Raw data & Hourly Summary'!W125) -> 15 | H39: =SUM(E39:G39) -> 689 | I39: =SUM('Raw data & Hourly Summary'!Y125,'Raw data & Hourly Summary'!AC125,'Raw data & Hourly Summary'!AG125,'Raw data & Hourly Summary'!AK125,'Raw data & Hourly Summary'!AO125) -> 285 | J39: =SUM('Raw data & Hourly Summary'!Z125,'Raw data & Hourly Summary'!AD125,'Raw data & Hourly Summary'!AH125,'Raw data & Hourly Summary'!AL125,'Raw data & Hourly Summary'!AP125) -> 5 | K39: =SUM('Raw data & Hourly Summary'!AA125,'Raw data & Hourly Summary'!AE125,'Raw data & Hourly Summary'!AI125,'Raw data & Hourly Summary'!AM125,'Raw data & Hourly Summary'!AQ125) -> 0 | L39: =SUM(I39:K39) -> 290 | M39: =SUM('Raw data & Hourly Summary'!E157,'Raw data & Hourly Summary'!I157,'Raw data & Hourly Summary'!M157,'Raw data & Hourly Summary'!Q157,'Raw data & Hourly Summary'!U157) -> 659 | N39: =SUM('Raw data & Hourly Summary'!F157,'Raw data & Hourly Summary'!J157,'Raw data & Hourly Summary'!N157,'Raw data & Hourly Summary'!R157,'Raw data & Hourly Summary'!V157) -> 4 | O39: =SUM('Raw data & Hourly Summary'!G157,'Raw data & Hourly Summary'!K157,'Raw data & Hourly Summary'!O157,'Raw data & Hourly Summary'!S157,'Raw data & Hourly Summary'!W157) -> 0 | P39: =SUM(M39:O39) -> 663 | Q39: =SUM('Raw data & Hourly Summary'!Y157,'Raw data & Hourly Summary'!AC157,'Raw data & Hourly Summary'!AG157,'Raw data & Hourly Summary'!AK157,'Raw data & Hourly Summary'!AO157) -> 680 | R39: =SUM('Raw data & Hourly Summary'!Z157,'Raw data & Hourly Summary'!AD157,'Raw data & Hourly Summary'!AH157,'Raw data & Hourly Summary'!AL157,'Raw data & Hourly Summary'!AP157) -> 15 | S39: =SUM('Raw data & Hourly Summary'!AA157,'Raw data & Hourly Summary'!AE157,'Raw data & Hourly Summary'!AI157,'Raw data & Hourly Summary'!AM157,'Raw data & Hourly Summary'!AQ157) -> 24 | T39: =SUM(Q39:S39) -> 719 | U39: =SUM('Raw data & Hourly Summary'!AS157,'Raw data & Hourly Summary'!AW157,'Raw data & Hourly Summary'!BA157,'Raw data & Hourly Summary'!BE157,'Raw data & Hourly Summary'!BI157) -> 91 | V39: =SUM('Raw data & Hourly Summary'!AT157,'Raw data & Hourly Summary'!AX157,'Raw data & Hourly Summary'!BB157,'Raw data & Hourly Summary'!BF157,'Raw data & Hourly Summary'!BJ157) -> 0 | W39: =SUM('Raw data & Hourly Summary'!AU157,'Raw data & Hourly Summary'!AY157,'Raw data & Hourly Summary'!BC157,'Raw data & Hourly Summary'!BG157,'Raw data & Hourly Summary'!BK157) -> 0 | X39: =SUM(U39:W39) -> 91 | Y39: =H39+L39+P39+T39+X39 -> 2452 | AG39: =IF($BD39=$Y39,B39,"") | AH39: =IF($BD39=$Y39,E39,"") | AI39: =IF($BD39=$Y39,F39,"") | AJ39: =IF($BD39=$Y39,G39,"") | AK39: =IF($BD39=$Y39,H39,"") | AL39: =IF($BD39=$Y39,I39,"") | AM39: =IF($BD39=$Y39,J39,"") | AN39: =IF($BD39=$Y39,K39,"") | AO39: =IF($BD39=$Y39,L39,"") | ... BB39: =IF($BD39=$Y39,Y39,"") | BD39: =+BD40 -> 2665
B40: =SUM(0.04166667/4+B39) -> 0.65625 | C40: to | D40: =SUM(0.04166667)+B40 -> 0.69791667 | E40: =SUM('Raw data & Hourly Summary'!E126,'Raw data & Hourly Summary'!I126,'Raw data & Hourly Summary'!M126,'Raw data & Hourly Summary'!Q126,'Raw data & Hourly Summary'!U126) -> 676 | F40: =SUM('Raw data & Hourly Summary'!F126,'Raw data & Hourly Summary'!J126,'Raw data & Hourly Summary'!N126,'Raw data & Hourly Summary'!R126,'Raw data & Hourly Summary'!V126) -> 5 | G40: =SUM('Raw data & Hourly Summary'!G126,'Raw data & Hourly Summary'!K126,'Raw data & Hourly Summary'!O126,'Raw data & Hourly Summary'!S126,'Raw data & Hourly Summary'!W126) -> 16 | H40: =SUM(E40:G40) -> 697 | I40: =SUM('Raw data & Hourly Summary'!Y126,'Raw data & Hourly Summary'!AC126,'Raw data & Hourly Summary'!AG126,'Raw data & Hourly Summary'!AK126,'Raw data & Hourly Summary'!AO126) -> 274 | J40: =SUM('Raw data & Hourly Summary'!Z126,'Raw data & Hourly Summary'!AD126,'Raw data & Hourly Summary'!AH126,'Raw data & Hourly Summary'!AL126,'Raw data & Hourly Summary'!AP126) -> 2 | K40: =SUM('Raw data & Hourly Summary'!AA126,'Raw data & Hourly Summary'!AE126,'Raw data & Hourly Summary'!AI126,'Raw data & Hourly Summary'!AM126,'Raw data & Hourly Summary'!AQ126) -> 0 | L40: =SUM(I40:K40) -> 276 | M40: =SUM('Raw data & Hourly Summary'!E158,'Raw data & Hourly Summary'!I158,'Raw data & Hourly Summary'!M158,'Raw data & Hourly Summary'!Q158,'Raw data & Hourly Summary'!U158) -> 675 | N40: =SUM('Raw data & Hourly Summary'!F158,'Raw data & Hourly Summary'!J158,'Raw data & Hourly Summary'!N158,'Raw data & Hourly Summary'!R158,'Raw data & Hourly Summary'!V158) -> 3 | O40: =SUM('Raw data & Hourly Summary'!G158,'Raw data & Hourly Summary'!K158,'Raw data & Hourly Summary'!O158,'Raw data & Hourly Summary'!S158,'Raw data & Hourly Summary'!W158) -> 0 | P40: =SUM(M40:O40) -> 678 | Q40: =SUM('Raw data & Hourly Summary'!Y158,'Raw data & Hourly Summary'!AC158,'Raw data & Hourly Summary'!AG158,'Raw data & Hourly Summary'!AK158,'Raw data & Hourly Summary'!AO158) -> 696 | R40: =SUM('Raw data & Hourly Summary'!Z158,'Raw data & Hourly Summary'!AD158,'Raw data & Hourly Summary'!AH158,'Raw data & Hourly Summary'!AL158,'Raw data & Hourly Summary'!AP158) -> 14 | S40: =SUM('Raw data & Hourly Summary'!AA158,'Raw data & Hourly Summary'!AE158,'Raw data & Hourly Summary'!AI158,'Raw data & Hourly Summary'!AM158,'Raw data & Hourly Summary'!AQ158) -> 28 | T40: =SUM(Q40:S40) -> 738 | U40: =SUM('Raw data & Hourly Summary'!AS158,'Raw data & Hourly Summary'!AW158,'Raw data & Hourly Summary'!BA158,'Raw data & Hourly Summary'!BE158,'Raw data & Hourly Summary'!BI158) -> 104 | V40: =SUM('Raw data & Hourly Summary'!AT158,'Raw data & Hourly Summary'!AX158,'Raw data & Hourly Summary'!BB158,'Raw data & Hourly Summary'!BF158,'Raw data & Hourly Summary'!BJ158) -> 0 | W40: =SUM('Raw data & Hourly Summary'!AU158,'Raw data & Hourly Summary'!AY158,'Raw data & Hourly Summary'!BC158,'Raw data & Hourly Summary'!BG158,'Raw data & Hourly Summary'!BK158) -> 0 | X40: =SUM(U40:W40) -> 104 | Y40: =H40+L40+P40+T40+X40 -> 2493 | AG40: =IF($BD40=$Y40,B40,"") | AH40: =IF($BD40=$Y40,E40,"") | AI40: =IF($BD40=$Y40,F40,"") | AJ40: =IF($BD40=$Y40,G40,"") | AK40: =IF($BD40=$Y40,H40,"") | AL40: =IF($BD40=$Y40,I40,"") | AM40: =IF($BD40=$Y40,J40,"") | AN40: =IF($BD40=$Y40,K40,"") | AO40: =IF($BD40=$Y40,L40,"") | ... BB40: =IF($BD40=$Y40,Y40,"") | BD40: =+BD41 -> 2665
B41: =SUM(0.04166667/4+B40) -> 0.66666667 | C41: to | D41: =SUM(0.04166667)+B41 -> 0.70833334 | E41: =SUM('Raw data & Hourly Summary'!E127,'Raw data & Hourly Summary'!I127,'Raw data & Hourly Summary'!M127,'Raw data & Hourly Summary'!Q127,'Raw data & Hourly Summary'!U127) -> 710 | F41: =SUM('Raw data & Hourly Summary'!F127,'Raw data & Hourly Summary'!J127,'Raw data & Hourly Summary'!N127,'Raw data & Hourly Summary'!R127,'Raw data & Hourly Summary'!V127) -> 3 | G41: =SUM('Raw data & Hourly Summary'!G127,'Raw data & Hourly Summary'!K127,'Raw data & Hourly Summary'!O127,'Raw data & Hourly Summary'!S127,'Raw data & Hourly Summary'!W127) -> 14 | H41: =SUM(E41:G41) -> 727 | I41: =SUM('Raw data & Hourly Summary'!Y127,'Raw data & Hourly Summary'!AC127,'Raw data & Hourly Summary'!AG127,'Raw data & Hourly Summary'!AK127,'Raw data & Hourly Summary'!AO127) -> 299 | J41: =SUM('Raw data & Hourly Summary'!Z127,'Raw data & Hourly Summary'!AD127,'Raw data & Hourly Summary'!AH127,'Raw data & Hourly Summary'!AL127,'Raw data & Hourly Summary'!AP127) -> 3 | K41: =SUM('Raw data & Hourly Summary'!AA127,'Raw data & Hourly Summary'!AE127,'Raw data & Hourly Summary'!AI127,'Raw data & Hourly Summary'!AM127,'Raw data & Hourly Summary'!AQ127) -> 0 | L41: =SUM(I41:K41) -> 302 | M41: =SUM('Raw data & Hourly Summary'!E159,'Raw data & Hourly Summary'!I159,'Raw data & Hourly Summary'!M159,'Raw data & Hourly Summary'!Q159,'Raw data & Hourly Summary'!U159) -> 707 | N41: =SUM('Raw data & Hourly Summary'!F159,'Raw data & Hourly Summary'!J159,'Raw data & Hourly Summary'!N159,'Raw data & Hourly Summary'!R159,'Raw data & Hourly Summary'!V159) -> 4 | O41: =SUM('Raw data & Hourly Summary'!G159,'Raw data & Hourly Summary'!K159,'Raw data & Hourly Summary'!O159,'Raw data & Hourly Summary'!S159,'Raw data & Hourly Summary'!W159) -> 0 | P41: =SUM(M41:O41) -> 711 | Q41: =SUM('Raw data & Hourly Summary'!Y159,'Raw data & Hourly Summary'!AC159,'Raw data & Hourly Summary'!AG159,'Raw data & Hourly Summary'!AK159,'Raw data & Hourly Summary'!AO159) -> 684 | R41: =SUM('Raw data & Hourly Summary'!Z159,'Raw data & Hourly Summary'!AD159,'Raw data & Hourly Summary'!AH159,'Raw data & Hourly Summary'!AL159,'Raw data & Hourly Summary'!AP159) -> 13 | S41: =SUM('Raw data & Hourly Summary'!AA159,'Raw data & Hourly Summary'!AE159,'Raw data & Hourly Summary'!AI159,'Raw data & Hourly Summary'!AM159,'Raw data & Hourly Summary'!AQ159) -> 25 | T41: =SUM(Q41:S41) -> 722 | U41: =SUM('Raw data & Hourly Summary'!AS159,'Raw data & Hourly Summary'!AW159,'Raw data & Hourly Summary'!BA159,'Raw data & Hourly Summary'!BE159,'Raw data & Hourly Summary'!BI159) -> 114 | V41: =SUM('Raw data & Hourly Summary'!AT159,'Raw data & Hourly Summary'!AX159,'Raw data & Hourly Summary'!BB159,'Raw data & Hourly Summary'!BF159,'Raw data & Hourly Summary'!BJ159) -> 0 | W41: =SUM('Raw data & Hourly Summary'!AU159,'Raw data & Hourly Summary'!AY159,'Raw data & Hourly Summary'!BC159,'Raw data & Hourly Summary'!BG159,'Raw data & Hourly Summary'!BK159) -> 0 | X41: =SUM(U41:W41) -> 114 | Y41: =H41+L41+P41+T41+X41 -> 2576 | AG41: =IF($BD41=$Y41,B41,"") | AH41: =IF($BD41=$Y41,E41,"") | AI41: =IF($BD41=$Y41,F41,"") | AJ41: =IF($BD41=$Y41,G41,"") | AK41: =IF($BD41=$Y41,H41,"") | AL41: =IF($BD41=$Y41,I41,"") | AM41: =IF($BD41=$Y41,J41,"") | AN41: =IF($BD41=$Y41,K41,"") | AO41: =IF($BD41=$Y41,L41,"") | ... BB41: =IF($BD41=$Y41,Y41,"") | BD41: =+BD42 -> 2665
B42: =SUM(0.04166667/4+B41) -> 0.67708334 | C42: to | D42: =SUM(0.04166667)+B42 -> 0.71875001 | E42: =SUM('Raw data & Hourly Summary'!E128,'Raw data & Hourly Summary'!I128,'Raw data & Hourly Summary'!M128,'Raw data & Hourly Summary'!Q128,'Raw data & Hourly Summary'!U128) -> 742 | F42: =SUM('Raw data & Hourly Summary'!F128,'Raw data & Hourly Summary'!J128,'Raw data & Hourly Summary'!N128,'Raw data & Hourly Summary'!R128,'Raw data & Hourly Summary'!V128) -> 1 | G42: =SUM('Raw data & Hourly Summary'!G128,'Raw data & Hourly Summary'!K128,'Raw data & Hourly Summary'!O128,'Raw data & Hourly Summary'!S128,'Raw data & Hourly Summary'!W128) -> 14 | H42: =SUM(E42:G42) -> 757 | I42: =SUM('Raw data & Hourly Summary'!Y128,'Raw data & Hourly Summary'!AC128,'Raw data & Hourly Summary'!AG128,'Raw data & Hourly Summary'!AK128,'Raw data & Hourly Summary'!AO128) -> 328 | J42: =SUM('Raw data & Hourly Summary'!Z128,'Raw data & Hourly Summary'!AD128,'Raw data & Hourly Summary'!AH128,'Raw data & Hourly Summary'!AL128,'Raw data & Hourly Summary'!AP128) -> 2 | K42: =SUM('Raw data & Hourly Summary'!AA128,'Raw data & Hourly Summary'!AE128,'Raw data & Hourly Summary'!AI128,'Raw data & Hourly Summary'!AM128,'Raw data & Hourly Summary'!AQ128) -> 0 | L42: =SUM(I42:K42) -> 330 | M42: =SUM('Raw data & Hourly Summary'!E160,'Raw data & Hourly Summary'!I160,'Raw data & Hourly Summary'!M160,'Raw data & Hourly Summary'!Q160,'Raw data & Hourly Summary'!U160) -> 759 | N42: =SUM('Raw data & Hourly Summary'!F160,'Raw data & Hourly Summary'!J160,'Raw data & Hourly Summary'!N160,'Raw data & Hourly Summary'!R160,'Raw data & Hourly Summary'!V160) -> 6 | O42: =SUM('Raw data & Hourly Summary'!G160,'Raw data & Hourly Summary'!K160,'Raw data & Hourly Summary'!O160,'Raw data & Hourly Summary'!S160,'Raw data & Hourly Summary'!W160) -> 0 | P42: =SUM(M42:O42) -> 765 | Q42: =SUM('Raw data & Hourly Summary'!Y160,'Raw data & Hourly Summary'!AC160,'Raw data & Hourly Summary'!AG160,'Raw data & Hourly Summary'!AK160,'Raw data & Hourly Summary'!AO160) -> 656 | R42: =SUM('Raw data & Hourly Summary'!Z160,'Raw data & Hourly Summary'!AD160,'Raw data & Hourly Summary'!AH160,'Raw data & Hourly Summary'!AL160,'Raw data & Hourly Summary'!AP160) -> 9 | S42: =SUM('Raw data & Hourly Summary'!AA160,'Raw data & Hourly Summary'!AE160,'Raw data & Hourly Summary'!AI160,'Raw data & Hourly Summary'!AM160,'Raw data & Hourly Summary'!AQ160) -> 22 | T42: =SUM(Q42:S42) -> 687 | U42: =SUM('Raw data & Hourly Summary'!AS160,'Raw data & Hourly Summary'!AW160,'Raw data & Hourly Summary'!BA160,'Raw data & Hourly Summary'!BE160,'Raw data & Hourly Summary'!BI160) -> 126 | V42: =SUM('Raw data & Hourly Summary'!AT160,'Raw data & Hourly Summary'!AX160,'Raw data & Hourly Summary'!BB160,'Raw data & Hourly Summary'!BF160,'Raw data & Hourly Summary'!BJ160) -> 0 | W42: =SUM('Raw data & Hourly Summary'!AU160,'Raw data & Hourly Summary'!AY160,'Raw data & Hourly Summary'!BC160,'Raw data & Hourly Summary'!BG160,'Raw data & Hourly Summary'!BK160) -> 0 | X42: =SUM(U42:W42) -> 126 | Y42: =H42+L42+P42+T42+X42 -> 2665 | AG42: =IF($BD42=$Y42,B42,"") -> 0.67708334 | AH42: =IF($BD42=$Y42,E42,"") -> 742 | AI42: =IF($BD42=$Y42,F42,"") -> 1 | AJ42: =IF($BD42=$Y42,G42,"") -> 14 | AK42: =IF($BD42=$Y42,H42,"") -> 757 | AL42: =IF($BD42=$Y42,I42,"") -> 328 | AM42: =IF($BD42=$Y42,J42,"") -> 2 | AN42: =IF($BD42=$Y42,K42,"") -> 0 | AO42: =IF($BD42=$Y42,L42,"") -> 330 | ... BB42: =IF($BD42=$Y42,Y42,"") -> 2665 | BD42: =+BD43 -> 2665
B43: =SUM(0.04166667/4+B42) -> 0.68750001 | C43: to | D43: =SUM(0.04166667)+B43 -> 0.72916668 | E43: =SUM('Raw data & Hourly Summary'!E129,'Raw data & Hourly Summary'!I129,'Raw data & Hourly Summary'!M129,'Raw data & Hourly Summary'!Q129,'Raw data & Hourly Summary'!U129) -> 745 | F43: =SUM('Raw data & Hourly Summary'!F129,'Raw data & Hourly Summary'!J129,'Raw data & Hourly Summary'!N129,'Raw data & Hourly Summary'!R129,'Raw data & Hourly Summary'!V129) -> 0 | G43: =SUM('Raw data & Hourly Summary'!G129,'Raw data & Hourly Summary'!K129,'Raw data & Hourly Summary'!O129,'Raw data & Hourly Summary'!S129,'Raw data & Hourly Summary'!W129) -> 16 | H43: =SUM(E43:G43) -> 761 | I43: =SUM('Raw data & Hourly Summary'!Y129,'Raw data & Hourly Summary'!AC129,'Raw data & Hourly Summary'!AG129,'Raw data & Hourly Summary'!AK129,'Raw data & Hourly Summary'!AO129) -> 348 | J43: =SUM('Raw data & Hourly Summary'!Z129,'Raw data & Hourly Summary'!AD129,'Raw data & Hourly Summary'!AH129,'Raw data & Hourly Summary'!AL129,'Raw data & Hourly Summary'!AP129) -> 2 | K43: =SUM('Raw data & Hourly Summary'!AA129,'Raw data & Hourly Summary'!AE129,'Raw data & Hourly Summary'!AI129,'Raw data & Hourly Summary'!AM129,'Raw data & Hourly Summary'!AQ129) -> 0 | L43: =SUM(I43:K43) -> 350 | M43: =SUM('Raw data & Hourly Summary'!E161,'Raw data & Hourly Summary'!I161,'Raw data & Hourly Summary'!M161,'Raw data & Hourly Summary'!Q161,'Raw data & Hourly Summary'!U161) -> 740 | N43: =SUM('Raw data & Hourly Summary'!F161,'Raw data & Hourly Summary'!J161,'Raw data & Hourly Summary'!N161,'Raw data & Hourly Summary'!R161,'Raw data & Hourly Summary'!V161) -> 5 | O43: =SUM('Raw data & Hourly Summary'!G161,'Raw data & Hourly Summary'!K161,'Raw data & Hourly Summary'!O161,'Raw data & Hourly Summary'!S161,'Raw data & Hourly Summary'!W161) -> 0 | P43: =SUM(M43:O43) -> 745 | Q43: =SUM('Raw data & Hourly Summary'!Y161,'Raw data & Hourly Summary'!AC161,'Raw data & Hourly Summary'!AG161,'Raw data & Hourly Summary'!AK161,'Raw data & Hourly Summary'!AO161) -> 648 | R43: =SUM('Raw data & Hourly Summary'!Z161,'Raw data & Hourly Summary'!AD161,'Raw data & Hourly Summary'!AH161,'Raw data & Hourly Summary'!AL161,'Raw data & Hourly Summary'!AP161) -> 6 | S43: =SUM('Raw data & Hourly Summary'!AA161,'Raw data & Hourly Summary'!AE161,'Raw data & Hourly Summary'!AI161,'Raw data & Hourly Summary'!AM161,'Raw data & Hourly Summary'!AQ161) -> 21 | T43: =SUM(Q43:S43) -> 675 | U43: =SUM('Raw data & Hourly Summary'!AS161,'Raw data & Hourly Summary'!AW161,'Raw data & Hourly Summary'!BA161,'Raw data & Hourly Summary'!BE161,'Raw data & Hourly Summary'!BI161) -> 123 | V43: =SUM('Raw data & Hourly Summary'!AT161,'Raw data & Hourly Summary'!AX161,'Raw data & Hourly Summary'!BB161,'Raw data & Hourly Summary'!BF161,'Raw data & Hourly Summary'!BJ161) -> 0 | W43: =SUM('Raw data & Hourly Summary'!AU161,'Raw data & Hourly Summary'!AY161,'Raw data & Hourly Summary'!BC161,'Raw data & Hourly Summary'!BG161,'Raw data & Hourly Summary'!BK161) -> 0 | X43: =SUM(U43:W43) -> 123 | Y43: =H43+L43+P43+T43+X43 -> 2654 | AG43: =IF($BD43=$Y43,B43,"") | AH43: =IF($BD43=$Y43,E43,"") | AI43: =IF($BD43=$Y43,F43,"") | AJ43: =IF($BD43=$Y43,G43,"") | AK43: =IF($BD43=$Y43,H43,"") | AL43: =IF($BD43=$Y43,I43,"") | AM43: =IF($BD43=$Y43,J43,"") | AN43: =IF($BD43=$Y43,K43,"") | AO43: =IF($BD43=$Y43,L43,"") | ... BB43: =IF($BD43=$Y43,Y43,"") | BD43: =+BD44 -> 2665
B44: =SUM(0.04166667/4+B43) -> 0.69791667 | C44: to | D44: =SUM(0.04166667)+B44 -> 0.73958334 | E44: =SUM('Raw data & Hourly Summary'!E130,'Raw data & Hourly Summary'!I130,'Raw data & Hourly Summary'!M130,'Raw data & Hourly Summary'!Q130,'Raw data & Hourly Summary'!U130) -> 684 | F44: =SUM('Raw data & Hourly Summary'!F130,'Raw data & Hourly Summary'!J130,'Raw data & Hourly Summary'!N130,'Raw data & Hourly Summary'!R130,'Raw data & Hourly Summary'!V130) -> 2 | G44: =SUM('Raw data & Hourly Summary'!G130,'Raw data & Hourly Summary'!K130,'Raw data & Hourly Summary'!O130,'Raw data & Hourly Summary'!S130,'Raw data & Hourly Summary'!W130) -> 16 | H44: =SUM(E44:G44) -> 702 | I44: =SUM('Raw data & Hourly Summary'!Y130,'Raw data & Hourly Summary'!AC130,'Raw data & Hourly Summary'!AG130,'Raw data & Hourly Summary'!AK130,'Raw data & Hourly Summary'!AO130) -> 350 | J44: =SUM('Raw data & Hourly Summary'!Z130,'Raw data & Hourly Summary'!AD130,'Raw data & Hourly Summary'!AH130,'Raw data & Hourly Summary'!AL130,'Raw data & Hourly Summary'!AP130) -> 3 | K44: =SUM('Raw data & Hourly Summary'!AA130,'Raw data & Hourly Summary'!AE130,'Raw data & Hourly Summary'!AI130,'Raw data & Hourly Summary'!AM130,'Raw data & Hourly Summary'!AQ130) -> 0 | L44: =SUM(I44:K44) -> 353 | M44: =SUM('Raw data & Hourly Summary'!E162,'Raw data & Hourly Summary'!I162,'Raw data & Hourly Summary'!M162,'Raw data & Hourly Summary'!Q162,'Raw data & Hourly Summary'!U162) -> 755 | N44: =SUM('Raw data & Hourly Summary'!F162,'Raw data & Hourly Summary'!J162,'Raw data & Hourly Summary'!N162,'Raw data & Hourly Summary'!R162,'Raw data & Hourly Summary'!V162) -> 4 | O44: =SUM('Raw data & Hourly Summary'!G162,'Raw data & Hourly Summary'!K162,'Raw data & Hourly Summary'!O162,'Raw data & Hourly Summary'!S162,'Raw data & Hourly Summary'!W162) -> 0 | P44: =SUM(M44:O44) -> 759 | Q44: =SUM('Raw data & Hourly Summary'!Y162,'Raw data & Hourly Summary'!AC162,'Raw data & Hourly Summary'!AG162,'Raw data & Hourly Summary'!AK162,'Raw data & Hourly Summary'!AO162) -> 651 | R44: =SUM('Raw data & Hourly Summary'!Z162,'Raw data & Hourly Summary'!AD162,'Raw data & Hourly Summary'!AH162,'Raw data & Hourly Summary'!AL162,'Raw data & Hourly Summary'!AP162) -> 8 | S44: =SUM('Raw data & Hourly Summary'!AA162,'Raw data & Hourly Summary'!AE162,'Raw data & Hourly Summary'!AI162,'Raw data & Hourly Summary'!AM162,'Raw data & Hourly Summary'!AQ162) -> 19 | T44: =SUM(Q44:S44) -> 678 | U44: =SUM('Raw data & Hourly Summary'!AS162,'Raw data & Hourly Summary'!AW162,'Raw data & Hourly Summary'!BA162,'Raw data & Hourly Summary'!BE162,'Raw data & Hourly Summary'!BI162) -> 130 | V44: =SUM('Raw data & Hourly Summary'!AT162,'Raw data & Hourly Summary'!AX162,'Raw data & Hourly Summary'!BB162,'Raw data & Hourly Summary'!BF162,'Raw data & Hourly Summary'!BJ162) -> 0 | W44: =SUM('Raw data & Hourly Summary'!AU162,'Raw data & Hourly Summary'!AY162,'Raw data & Hourly Summary'!BC162,'Raw data & Hourly Summary'!BG162,'Raw data & Hourly Summary'!BK162) -> 0 | X44: =SUM(U44:W44) -> 130 | Y44: =H44+L44+P44+T44+X44 -> 2622 | AG44: =IF($BD44=$Y44,B44,"") | AH44: =IF($BD44=$Y44,E44,"") | AI44: =IF($BD44=$Y44,F44,"") | AJ44: =IF($BD44=$Y44,G44,"") | AK44: =IF($BD44=$Y44,H44,"") | AL44: =IF($BD44=$Y44,I44,"") | AM44: =IF($BD44=$Y44,J44,"") | AN44: =IF($BD44=$Y44,K44,"") | AO44: =IF($BD44=$Y44,L44,"") | ... BB44: =IF($BD44=$Y44,Y44,"") | BD44: =+BD45 -> 2665
B45: =SUM(0.04166667/4+B44) -> 0.70833334 | C45: to | D45: =SUM(0.04166667)+B45 -> 0.75000001 | E45: =SUM('Raw data & Hourly Summary'!E131,'Raw data & Hourly Summary'!I131,'Raw data & Hourly Summary'!M131,'Raw data & Hourly Summary'!Q131,'Raw data & Hourly Summary'!U131) -> 673 | F45: =SUM('Raw data & Hourly Summary'!F131,'Raw data & Hourly Summary'!J131,'Raw data & Hourly Summary'!N131,'Raw data & Hourly Summary'!R131,'Raw data & Hourly Summary'!V131) -> 2 | G45: =SUM('Raw data & Hourly Summary'!G131,'Raw data & Hourly Summary'!K131,'Raw data & Hourly Summary'!O131,'Raw data & Hourly Summary'!S131,'Raw data & Hourly Summary'!W131) -> 18 | H45: =SUM(E45:G45) -> 693 | I45: =SUM('Raw data & Hourly Summary'!Y131,'Raw data & Hourly Summary'!AC131,'Raw data & Hourly Summary'!AG131,'Raw data & Hourly Summary'!AK131,'Raw data & Hourly Summary'!AO131) -> 322 | J45: =SUM('Raw data & Hourly Summary'!Z131,'Raw data & Hourly Summary'!AD131,'Raw data & Hourly Summary'!AH131,'Raw data & Hourly Summary'!AL131,'Raw data & Hourly Summary'!AP131) -> 3 | K45: =SUM('Raw data & Hourly Summary'!AA131,'Raw data & Hourly Summary'!AE131,'Raw data & Hourly Summary'!AI131,'Raw data & Hourly Summary'!AM131,'Raw data & Hourly Summary'!AQ131) -> 0 | L45: =SUM(I45:K45) -> 325 | M45: =SUM('Raw data & Hourly Summary'!E163,'Raw data & Hourly Summary'!I163,'Raw data & Hourly Summary'!M163,'Raw data & Hourly Summary'!Q163,'Raw data & Hourly Summary'!U163) -> 750 | N45: =SUM('Raw data & Hourly Summary'!F163,'Raw data & Hourly Summary'!J163,'Raw data & Hourly Summary'!N163,'Raw data & Hourly Summary'!R163,'Raw data & Hourly Summary'!V163) -> 5 | O45: =SUM('Raw data & Hourly Summary'!G163,'Raw data & Hourly Summary'!K163,'Raw data & Hourly Summary'!O163,'Raw data & Hourly Summary'!S163,'Raw data & Hourly Summary'!W163) -> 0 | P45: =SUM(M45:O45) -> 755 | Q45: =SUM('Raw data & Hourly Summary'!Y163,'Raw data & Hourly Summary'!AC163,'Raw data & Hourly Summary'!AG163,'Raw data & Hourly Summary'!AK163,'Raw data & Hourly Summary'!AO163) -> 621 | R45: =SUM('Raw data & Hourly Summary'!Z163,'Raw data & Hourly Summary'!AD163,'Raw data & Hourly Summary'!AH163,'Raw data & Hourly Summary'!AL163,'Raw data & Hourly Summary'!AP163) -> 4 | S45: =SUM('Raw data & Hourly Summary'!AA163,'Raw data & Hourly Summary'!AE163,'Raw data & Hourly Summary'!AI163,'Raw data & Hourly Summary'!AM163,'Raw data & Hourly Summary'!AQ163) -> 23 | T45: =SUM(Q45:S45) -> 648 | U45: =SUM('Raw data & Hourly Summary'!AS163,'Raw data & Hourly Summary'!AW163,'Raw data & Hourly Summary'!BA163,'Raw data & Hourly Summary'!BE163,'Raw data & Hourly Summary'!BI163) -> 132 | V45: =SUM('Raw data & Hourly Summary'!AT163,'Raw data & Hourly Summary'!AX163,'Raw data & Hourly Summary'!BB163,'Raw data & Hourly Summary'!BF163,'Raw data & Hourly Summary'!BJ163) -> 0 | W45: =SUM('Raw data & Hourly Summary'!AU163,'Raw data & Hourly Summary'!AY163,'Raw data & Hourly Summary'!BC163,'Raw data & Hourly Summary'!BG163,'Raw data & Hourly Summary'!BK163) -> 0 | X45: =SUM(U45:W45) -> 132 | Y45: =H45+L45+P45+T45+X45 -> 2553 | AG45: =IF($BD45=$Y45,B45,"") | AH45: =IF($BD45=$Y45,E45,"") | AI45: =IF($BD45=$Y45,F45,"") | AJ45: =IF($BD45=$Y45,G45,"") | AK45: =IF($BD45=$Y45,H45,"") | AL45: =IF($BD45=$Y45,I45,"") | AM45: =IF($BD45=$Y45,J45,"") | AN45: =IF($BD45=$Y45,K45,"") | AO45: =IF($BD45=$Y45,L45,"") | ... BB45: =IF($BD45=$Y45,Y45,"") | BD45: =+BD46 -> 2665
B46: =SUM(0.04166667/4+B45) -> 0.71875001 | C46: to | D46: =SUM(0.04166667)+B46 -> 0.76041668 | E46: =SUM('Raw data & Hourly Summary'!E132,'Raw data & Hourly Summary'!I132,'Raw data & Hourly Summary'!M132,'Raw data & Hourly Summary'!Q132,'Raw data & Hourly Summary'!U132) -> 643 | F46: =SUM('Raw data & Hourly Summary'!F132,'Raw data & Hourly Summary'!J132,'Raw data & Hourly Summary'!N132,'Raw data & Hourly Summary'!R132,'Raw data & Hourly Summary'!V132) -> 2 | G46: =SUM('Raw data & Hourly Summary'!G132,'Raw data & Hourly Summary'!K132,'Raw data & Hourly Summary'!O132,'Raw data & Hourly Summary'!S132,'Raw data & Hourly Summary'!W132) -> 17 | H46: =SUM(E46:G46) -> 662 | I46: =SUM('Raw data & Hourly Summary'!Y132,'Raw data & Hourly Summary'!AC132,'Raw data & Hourly Summary'!AG132,'Raw data & Hourly Summary'!AK132,'Raw data & Hourly Summary'!AO132) -> 299 | J46: =SUM('Raw data & Hourly Summary'!Z132,'Raw data & Hourly Summary'!AD132,'Raw data & Hourly Summary'!AH132,'Raw data & Hourly Summary'!AL132,'Raw data & Hourly Summary'!AP132) -> 2 | K46: =SUM('Raw data & Hourly Summary'!AA132,'Raw data & Hourly Summary'!AE132,'Raw data & Hourly Summary'!AI132,'Raw data & Hourly Summary'!AM132,'Raw data & Hourly Summary'!AQ132) -> 0 | L46: =SUM(I46:K46) -> 301 | M46: =SUM('Raw data & Hourly Summary'!E164,'Raw data & Hourly Summary'!I164,'Raw data & Hourly Summary'!M164,'Raw data & Hourly Summary'!Q164,'Raw data & Hourly Summary'!U164) -> 680 | N46: =SUM('Raw data & Hourly Summary'!F164,'Raw data & Hourly Summary'!J164,'Raw data & Hourly Summary'!N164,'Raw data & Hourly Summary'!R164,'Raw data & Hourly Summary'!V164) -> 2 | O46: =SUM('Raw data & Hourly Summary'!G164,'Raw data & Hourly Summary'!K164,'Raw data & Hourly Summary'!O164,'Raw data & Hourly Summary'!S164,'Raw data & Hourly Summary'!W164) -> 0 | P46: =SUM(M46:O46) -> 682 | Q46: =SUM('Raw data & Hourly Summary'!Y164,'Raw data & Hourly Summary'!AC164,'Raw data & Hourly Summary'!AG164,'Raw data & Hourly Summary'!AK164,'Raw data & Hourly Summary'!AO164) -> 609 | R46: =SUM('Raw data & Hourly Summary'!Z164,'Raw data & Hourly Summary'!AD164,'Raw data & Hourly Summary'!AH164,'Raw data & Hourly Summary'!AL164,'Raw data & Hourly Summary'!AP164) -> 6 | S46: =SUM('Raw data & Hourly Summary'!AA164,'Raw data & Hourly Summary'!AE164,'Raw data & Hourly Summary'!AI164,'Raw data & Hourly Summary'!AM164,'Raw data & Hourly Summary'!AQ164) -> 23 | T46: =SUM(Q46:S46) -> 638 | U46: =SUM('Raw data & Hourly Summary'!AS164,'Raw data & Hourly Summary'!AW164,'Raw data & Hourly Summary'!BA164,'Raw data & Hourly Summary'!BE164,'Raw data & Hourly Summary'!BI164) -> 125 | V46: =SUM('Raw data & Hourly Summary'!AT164,'Raw data & Hourly Summary'!AX164,'Raw data & Hourly Summary'!BB164,'Raw data & Hourly Summary'!BF164,'Raw data & Hourly Summary'!BJ164) -> 0 | W46: =SUM('Raw data & Hourly Summary'!AU164,'Raw data & Hourly Summary'!AY164,'Raw data & Hourly Summary'!BC164,'Raw data & Hourly Summary'!BG164,'Raw data & Hourly Summary'!BK164) -> 0 | X46: =SUM(U46:W46) -> 125 | Y46: =H46+L46+P46+T46+X46 -> 2408 | AG46: =IF($BD46=$Y46,B46,"") | AH46: =IF($BD46=$Y46,E46,"") | AI46: =IF($BD46=$Y46,F46,"") | AJ46: =IF($BD46=$Y46,G46,"") | AK46: =IF($BD46=$Y46,H46,"") | AL46: =IF($BD46=$Y46,I46,"") | AM46: =IF($BD46=$Y46,J46,"") | AN46: =IF($BD46=$Y46,K46,"") | AO46: =IF($BD46=$Y46,L46,"") | ... BB46: =IF($BD46=$Y46,Y46,"") | BD46: =+BD47 -> 2665
B47: =SUM(0.04166667/4+B46) -> 0.72916668 | C47: to | D47: =SUM(0.04166667)+B47 -> 0.77083335 | E47: =SUM('Raw data & Hourly Summary'!E133,'Raw data & Hourly Summary'!I133,'Raw data & Hourly Summary'!M133,'Raw data & Hourly Summary'!Q133,'Raw data & Hourly Summary'!U133) -> 641 | F47: =SUM('Raw data & Hourly Summary'!F133,'Raw data & Hourly Summary'!J133,'Raw data & Hourly Summary'!N133,'Raw data & Hourly Summary'!R133,'Raw data & Hourly Summary'!V133) -> 2 | G47: =SUM('Raw data & Hourly Summary'!G133,'Raw data & Hourly Summary'!K133,'Raw data & Hourly Summary'!O133,'Raw data & Hourly Summary'!S133,'Raw data & Hourly Summary'!W133) -> 16 | H47: =SUM(E47:G47) -> 659 | I47: =SUM('Raw data & Hourly Summary'!Y133,'Raw data & Hourly Summary'!AC133,'Raw data & Hourly Summary'!AG133,'Raw data & Hourly Summary'!AK133,'Raw data & Hourly Summary'!AO133) -> 289 | J47: =SUM('Raw data & Hourly Summary'!Z133,'Raw data & Hourly Summary'!AD133,'Raw data & Hourly Summary'!AH133,'Raw data & Hourly Summary'!AL133,'Raw data & Hourly Summary'!AP133) -> 2 | K47: =SUM('Raw data & Hourly Summary'!AA133,'Raw data & Hourly Summary'!AE133,'Raw data & Hourly Summary'!AI133,'Raw data & Hourly Summary'!AM133,'Raw data & Hourly Summary'!AQ133) -> 0 | L47: =SUM(I47:K47) -> 291 | M47: =SUM('Raw data & Hourly Summary'!E165,'Raw data & Hourly Summary'!I165,'Raw data & Hourly Summary'!M165,'Raw data & Hourly Summary'!Q165,'Raw data & Hourly Summary'!U165) -> 681 | N47: =SUM('Raw data & Hourly Summary'!F165,'Raw data & Hourly Summary'!J165,'Raw data & Hourly Summary'!N165,'Raw data & Hourly Summary'!R165,'Raw data & Hourly Summary'!V165) -> 3 | O47: =SUM('Raw data & Hourly Summary'!G165,'Raw data & Hourly Summary'!K165,'Raw data & Hourly Summary'!O165,'Raw data & Hourly Summary'!S165,'Raw data & Hourly Summary'!W165) -> 0 | P47: =SUM(M47:O47) -> 684 | Q47: =SUM('Raw data & Hourly Summary'!Y165,'Raw data & Hourly Summary'!AC165,'Raw data & Hourly Summary'!AG165,'Raw data & Hourly Summary'!AK165,'Raw data & Hourly Summary'!AO165) -> 552 | R47: =SUM('Raw data & Hourly Summary'!Z165,'Raw data & Hourly Summary'!AD165,'Raw data & Hourly Summary'!AH165,'Raw data & Hourly Summary'!AL165,'Raw data & Hourly Summary'!AP165) -> 5 | S47: =SUM('Raw data & Hourly Summary'!AA165,'Raw data & Hourly Summary'!AE165,'Raw data & Hourly Summary'!AI165,'Raw data & Hourly Summary'!AM165,'Raw data & Hourly Summary'!AQ165) -> 24 | T47: =SUM(Q47:S47) -> 581 | U47: =SUM('Raw data & Hourly Summary'!AS165,'Raw data & Hourly Summary'!AW165,'Raw data & Hourly Summary'!BA165,'Raw data & Hourly Summary'!BE165,'Raw data & Hourly Summary'!BI165) -> 125 | V47: =SUM('Raw data & Hourly Summary'!AT165,'Raw data & Hourly Summary'!AX165,'Raw data & Hourly Summary'!BB165,'Raw data & Hourly Summary'!BF165,'Raw data & Hourly Summary'!BJ165) -> 0 | W47: =SUM('Raw data & Hourly Summary'!AU165,'Raw data & Hourly Summary'!AY165,'Raw data & Hourly Summary'!BC165,'Raw data & Hourly Summary'!BG165,'Raw data & Hourly Summary'!BK165) -> 0 | X47: =SUM(U47:W47) -> 125 | Y47: =H47+L47+P47+T47+X47 -> 2340 | AG47: =IF($BD47=$Y47,B47,"") | AH47: =IF($BD47=$Y47,E47,"") | AI47: =IF($BD47=$Y47,F47,"") | AJ47: =IF($BD47=$Y47,G47,"") | AK47: =IF($BD47=$Y47,H47,"") | AL47: =IF($BD47=$Y47,I47,"") | AM47: =IF($BD47=$Y47,J47,"") | AN47: =IF($BD47=$Y47,K47,"") | AO47: =IF($BD47=$Y47,L47,"") | ... BB47: =IF($BD47=$Y47,Y47,"") | BD47: =AK17 -> 2665
B48: ='Raw data & Hourly Summary'!B51:D51 -> PM Totals | E48: =SUM('Raw data & Hourly Summary'!E134,'Raw data & Hourly Summary'!I134,'Raw data & Hourly Summary'!M134,'Raw data & Hourly Summary'!Q134,'Raw data & Hourly Summary'!U134) -> 2706 | F48: =SUM('Raw data & Hourly Summary'!F134,'Raw data & Hourly Summary'!J134,'Raw data & Hourly Summary'!N134,'Raw data & Hourly Summary'!R134,'Raw data & Hourly Summary'!V134) -> 17 | G48: =SUM('Raw data & Hourly Summary'!G134,'Raw data & Hourly Summary'!K134,'Raw data & Hourly Summary'!O134,'Raw data & Hourly Summary'!S134,'Raw data & Hourly Summary'!W134) -> 64 | H48: =SUM(E48:G48) -> 2787 | I48: =SUM('Raw data & Hourly Summary'!Y134,'Raw data & Hourly Summary'!AC134,'Raw data & Hourly Summary'!AG134,'Raw data & Hourly Summary'!AK134,'Raw data & Hourly Summary'!AO134) -> 1293 | J48: =SUM('Raw data & Hourly Summary'!Z134,'Raw data & Hourly Summary'!AD134,'Raw data & Hourly Summary'!AH134,'Raw data & Hourly Summary'!AL134,'Raw data & Hourly Summary'!AP134) -> 14 | K48: =SUM('Raw data & Hourly Summary'!AA134,'Raw data & Hourly Summary'!AE134,'Raw data & Hourly Summary'!AI134,'Raw data & Hourly Summary'!AM134,'Raw data & Hourly Summary'!AQ134) -> 0 | L48: =SUM(I48:K48) -> 1307 | M48: =SUM('Raw data & Hourly Summary'!E166,'Raw data & Hourly Summary'!I166,'Raw data & Hourly Summary'!M166,'Raw data & Hourly Summary'!Q166,'Raw data & Hourly Summary'!U166) -> 2651 | N48: =SUM('Raw data & Hourly Summary'!F166,'Raw data & Hourly Summary'!J166,'Raw data & Hourly Summary'!N166,'Raw data & Hourly Summary'!R166,'Raw data & Hourly Summary'!V166) -> 20 | O48: =SUM('Raw data & Hourly Summary'!G166,'Raw data & Hourly Summary'!K166,'Raw data & Hourly Summary'!O166,'Raw data & Hourly Summary'!S166,'Raw data & Hourly Summary'!W166) -> 1 | P48: =SUM(M48:O48) -> 2672 | Q48: =SUM('Raw data & Hourly Summary'!Y166,'Raw data & Hourly Summary'!AC166,'Raw data & Hourly Summary'!AG166,'Raw data & Hourly Summary'!AK166,'Raw data & Hourly Summary'!AO166) -> 2457 | R48: =SUM('Raw data & Hourly Summary'!Z166,'Raw data & Hourly Summary'!AD166,'Raw data & Hourly Summary'!AH166,'Raw data & Hourly Summary'!AL166,'Raw data & Hourly Summary'!AP166) -> 33 | S48: =SUM('Raw data & Hourly Summary'!AA166,'Raw data & Hourly Summary'!AE166,'Raw data & Hourly Summary'!AI166,'Raw data & Hourly Summary'!AM166,'Raw data & Hourly Summary'!AQ166) -> 83 | T48: =SUM(Q48:S48) -> 2573 | U48: =SUM('Raw data & Hourly Summary'!AS166,'Raw data & Hourly Summary'!AW166,'Raw data & Hourly Summary'!BA166,'Raw data & Hourly Summary'!BE166,'Raw data & Hourly Summary'!BI166) -> 436 | V48: =SUM('Raw data & Hourly Summary'!AT166,'Raw data & Hourly Summary'!AX166,'Raw data & Hourly Summary'!BB166,'Raw data & Hourly Summary'!BF166,'Raw data & Hourly Summary'!BJ166) -> 1 | W48: =SUM('Raw data & Hourly Summary'!AU166,'Raw data & Hourly Summary'!AY166,'Raw data & Hourly Summary'!BC166,'Raw data & Hourly Summary'!BG166,'Raw data & Hourly Summary'!BK166) -> 0 | X48: =SUM(U48:W48) -> 437 | Y48: =H48+L48+P48+T48+X48 -> 9776

Sheet Intersection Diagram
D3: Job No. | H3: ='Raw data & Hourly Summary'!E3 -> : NZNth13356
D4: Client | H4: ='Raw data & Hourly Summary'!E4 -> : Auckland Transport
D5: Suburb | H5: ='Raw data & Hourly Summary'!E5 -> : Preston Road Surveys
D6: Location | H6: ='Raw data & Hourly Summary'!E6 -> : 2. Great N Rd / St Georges Rd / St Jude St / Wingate St
D8: Day/Date | H8: ='Raw data & Hourly Summary'!E8 -> : Wed, 3 September 2025
D9: Weather | H9: ='Raw data & Hourly Summary'!E9 -> : Fine
D10: Description | H10: ='Raw data & Hourly Summary'!E10 -> : Classified Intersection Count
H11: : Intersection Diagram
AD12: ='Raw data & Hourly Summary'!U2 -> Great N Rd
E13: Hour Starting | K13: Vehicle Type
AE14: Total | AW14: Total
AE15: In | AW15: Out
AE17: ='Raw data & Hourly Summary'!CC131 -> 1990 | AG17: Selected | AM17: ='Raw data & Hourly Summary'!CO128 -> 42 | AO17: ='Raw data & Hourly Summary'!CN128 -> 163 | AQ17: ='Raw data & Hourly Summary'!CM128 -> 1316 | AS17: ='Raw data & Hourly Summary'!CL128 -> 903 | AU17: ='Raw data & Hourly Summary'!CK128 -> 149 | AW17: ='Raw data & Hourly Summary'!CB131 -> 2573
AE18: =IF(AE17=0,0,AE17/IF(COUNTA('Raw data & Hourly Summary'!$BQ$139:$BQ$152)>='Raw data & Hourly Summary'!$BQ$128,'Raw data & Hourly Summary'!CC134,'Raw data & Hourly Summary'!CC135)) -> 1 | AG18: Hour & Vehicle Type | AM18: =IF(AM17=0,0,AM17/$AW$17) -> 0.016323358 | AO18: =IF(AO17=0,0,AO17/$AW$17) -> 0.063350175 | AQ18: =IF(AQ17=0,0,AQ17/$AW$17) -> 0.51146522 | AS18: =IF(AS17=0,0,AS17/$AW$17) -> 0.3509522 | AU18: =IF(AU17=0,0,AU17/$AW$17) -> 0.057909056 | AW18: =IF(AW17=0,0,AW17/IF(COUNTA('Raw data & Hourly Summary'!$BQ$139:$BQ$152)>='Raw data & Hourly Summary'!$BQ$128,'Raw data & Hourly Summary'!CB134,'Raw data & Hourly Summary'!CB135)) -> 1
J23: ='Raw data & Hourly Summary'!S3 -> Wingate St | BR23: ='Raw data & Hourly Summary'!AA3 -> St Jude St
M24: Total | P24: ='Raw data & Hourly Summary'!CD131 -> 437 | AM24: 16U | AO24: 16 | AQ24: 15 | AS24: 14 | AU24: 13 | BL24: ='Raw data & Hourly Summary'!CA131 -> 1632 | BO24: Total
M25: Out | P25: =IF(P24=0,0,P24/IF(COUNTA('Raw data & Hourly Summary'!$BQ$139:$BQ$152)>='Raw data & Hourly Summary'!$BQ$128,'Raw data & Hourly Summary'!CD134,'Raw data & Hourly Summary'!CD135)) -> 1 | BL25: =IF(BL24=0,0,BL24/IF(COUNTA('Raw data & Hourly Summary'!$BQ$139:$BQ$152)>='Raw data & Hourly Summary'!$BQ$128,'Raw data & Hourly Summary'!CA134,'Raw data & Hourly Summary'!CA135)) -> 1 | BO25: In
P27: ='Raw data & Hourly Summary'!CP128 -> 139 | U27: 17
P28: =IF(P27=0,0,P27/$P$24) -> 0.3180778
P30: ='Raw data & Hourly Summary'!CQ128 -> 80 | U30: 18
P31: =IF(P30=0,0,P30/$P$24) -> 0.18306636
P33: ='Raw data & Hourly Summary'!CR128 -> 107 | U33: 19 | BG33: 12U | BL33: ='Raw data & Hourly Summary'!CJ128 -> 10
P34: =IF(P33=0,0,P33/$P$24) -> 0.24485126 | BL34: =IF(BL33=0,0,BL33/$BL$48) -> 0.003742515
P36: ='Raw data & Hourly Summary'!CS128 -> 110 | U36: 20 | BG36: 12 | BL36: ='Raw data & Hourly Summary'!CI128 -> 156
P37: =IF(P36=0,0,P36/$P$24) -> 0.25171625 | BL37: =IF(BL36=0,0,BL36/$BL$48) -> 0.058383234
P39: ='Raw data & Hourly Summary'!CT128 -> 1 | U39: 20U | BG39: 11 | BL39: ='Raw data & Hourly Summary'!CH128 -> 123
P40: =IF(P39=0,0,P39/$P$24) -> 0.0022883295 | AJ40: AM Peak | AN40: ='Peak Hr Summary'!B16 -> 0.34375001 | AQ40: to | AS40: =AN40+"1:00" -> 0.38541667 | BL40: =IF(BL39=0,0,BL39/$BL$48) -> 0.046032934
AJ42: PM Peak | AN42: ='Peak Hr Summary'!B17 -> 0.67708334 | AQ42: to | AS42: =AN42+"1:00" -> 0.71875001 | BG42: 10 | BL42: ='Raw data & Hourly Summary'!CG128 -> 2071
BL43: =IF(BL42=0,0,BL42/$BL$48) -> 0.77507485
BG45: 9 | BL45: ='Raw data & Hourly Summary'!CF128 -> 312
BL46: =IF(BL45=0,0,BL45/$BL$48) -> 0.11676647
M48: Total | P48: ='Raw data & Hourly Summary'!CE131 -> 498 | BL48: ='Raw data & Hourly Summary'!BZ131 -> 2672 | BO48: Total
M49: In | P49: =IF(P48=0,0,P48/IF(COUNTA('Raw data & Hourly Summary'!$BQ$139:$BQ$152)>='Raw data & Hourly Summary'!$BQ$128,'Raw data & Hourly Summary'!CE134,'Raw data & Hourly Summary'!CE135)) -> 1 | BL49: =IF(BL48=0,0,BL48/IF(COUNTA('Raw data & Hourly Summary'!$BQ$139:$BQ$152)>='Raw data & Hourly Summary'!$BQ$128,'Raw data & Hourly Summary'!BZ134,'Raw data & Hourly Summary'!BZ135)) -> 1 | BO49: Out
U62: 1 | W62: 2 | Y62: 3 | AA62: 4 | AC62: 4U | AU62: 5 | AW62: 6 | AY62: 7 | BA62: 8 | BC62: 8U
S68: ='Raw data & Hourly Summary'!BV131 -> 2787 | U68: ='Raw data & Hourly Summary'!BV128 -> 67 | W68: ='Raw data & Hourly Summary'!BW128 -> 1034 | Y68: ='Raw data & Hourly Summary'!BX128 -> 1211 | AA68: ='Raw data & Hourly Summary'!BY128 -> 436 | AC68: ='Raw data & Hourly Summary'!BZ128 -> 39 | AE68: Selected | AI68: ='Raw data & Hourly Summary'!BW131 -> 3880 | AS68: ='Raw data & Hourly Summary'!BX131 -> 1307 | AU68: ='Raw data & Hourly Summary'!CA128 -> 344 | AW68: ='Raw data & Hourly Summary'!CB128 -> 144 | AY68: ='Raw data & Hourly Summary'!CC128 -> 619 | BA68: ='Raw data & Hourly Summary'!CD128 -> 182 | BC68: ='Raw data & Hourly Summary'!CE128 -> 18 | BI68: ='Raw data & Hourly Summary'!BY131 -> 1776
S69: =IF(S68=0,0,S68/IF(COUNTA('Raw data & Hourly Summary'!$BQ$139:$BQ$152)>='Raw data & Hourly Summary'!$BQ$128,'Raw data & Hourly Summary'!BV134,'Raw data & Hourly Summary'!BV135)) -> 1 | U69: =IF(U68=0,0,U68/$S$68) -> 0.024040187 | W69: =IF(W68=0,0,W68/$S$68) -> 0.37100825 | Y69: =IF(Y68=0,0,Y68/$S$68) -> 0.4345174 | AA69: =IF(AA68=0,0,AA68/$S$68) -> 0.15644062 | AC69: =IF(AC68=0,0,AC68/$S$68) -> 0.013993541 | AE69: Hour & Vehicle Type | AI69: =IF(AI68=0,0,AI68/IF(COUNTA('Raw data & Hourly Summary'!$BQ$139:$BQ$152)>='Raw data & Hourly Summary'!$BQ$128,'Raw data & Hourly Summary'!BW134,'Raw data & Hourly Summary'!BW135)) -> 1 | AS69: =IF(AS68=0,0,AS68/IF(COUNTA('Raw data & Hourly Summary'!$BQ$139:$BQ$152)>='Raw data & Hourly Summary'!$BQ$128,'Raw data & Hourly Summary'!BX134,'Raw data & Hourly Summary'!BX135)) -> 1 | AU69: =IF(AU68=0,0,AU68/$AS$68) -> 0.26319816 | AW69: =IF(AW68=0,0,AW68/$AS$68) -> 0.11017598 | AY69: =IF(AY68=0,0,AY68/$AS$68) -> 0.47360367 | BA69: =IF(BA68=0,0,BA68/$AS$68) -> 0.13925019 | BC69: =IF(BC68=0,0,BC68/$AS$68) -> 0.013771997 | BI69: =IF(BI68=0,0,BI68/IF(COUNTA('Raw data & Hourly Summary'!$BQ$139:$BQ$152)>='Raw data & Hourly Summary'!$BQ$128,'Raw data & Hourly Summary'!BY134,'Raw data & Hourly Summary'!BY135)) -> 1
S71: Total | AI71: Total | AS71: Total | BI71: Total
S72: Out | AI72: In | AS72: Out | BI72: In
P74: ='Raw data & Hourly Summary'!S12 -> Great N Rd | AU74: ='Raw data & Hourly Summary'!X12 -> St Georges Rd

Sheet Intersection Diagram(Peak Time)
D3: Job No. | H3: ='Raw data & Hourly Summary'!E3 -> : NZNth13356
D4: Client | H4: ='Raw data & Hourly Summary'!E4 -> : Auckland Transport
D5: Suburb | H5: ='Raw data & Hourly Summary'!E5 -> : Preston Road Surveys
D6: Location | H6: ='Raw data & Hourly Summary'!E6 -> : 2. Great N Rd / St Georges Rd / St Jude St / Wingate St
D8: Day/Date | H8: ='Raw data & Hourly Summary'!E8 -> : Wed, 3 September 2025
D9: Weather | H9: ='Raw data & Hourly Summary'!E9 -> : Fine
D10: Description | H10: ='Raw data & Hourly Summary'!E10 -> : Classified Intersection Count
H11: : Intersection Diagram
AD12: ='Raw data & Hourly Summary'!U2 -> Great N Rd
E13: Hour Starting | K13: Vehicle Type
AE14: Total | AW14: Total
AE15: In | AW15: Out
AE17: ='Raw data & Hourly Summary'!CC131 -> 1990 | AG17: Selected | AM17: ='Raw data & Hourly Summary'!CO128 -> 42 | AO17: ='Raw data & Hourly Summary'!CN128 -> 163 | AQ17: ='Raw data & Hourly Summary'!CM128 -> 1316 | AS17: ='Raw data & Hourly Summary'!CL128 -> 903 | AU17: ='Raw data & Hourly Summary'!CK128 -> 149 | AW17: ='Raw data & Hourly Summary'!CB131 -> 2573
AE18: =IF(AE17=0,0,AE17/IF(COUNTA('Raw data & Hourly Summary'!$BQ$139:$BQ$152)>='Raw data & Hourly Summary'!$BQ$128,'Raw data & Hourly Summary'!CC134,'Raw data & Hourly Summary'!CC135)) -> 1 | AG18: Hour & Vehicle Type | AM18: =IF(AM17=0,0,AM17/$AW$17) -> 0.016323358 | AO18: =IF(AO17=0,0,AO17/$AW$17) -> 0.063350175 | AQ18: =IF(AQ17=0,0,AQ17/$AW$17) -> 0.51146522 | AS18: =IF(AS17=0,0,AS17/$AW$17) -> 0.3509522 | AU18: =IF(AU17=0,0,AU17/$AW$17) -> 0.057909056 | AW18: =IF(AW17=0,0,AW17/IF(COUNTA('Raw data & Hourly Summary'!$BQ$139:$BQ$152)>='Raw data & Hourly Summary'!$BQ$128,'Raw data & Hourly Summary'!CB134,'Raw data & Hourly Summary'!CB135)) -> 1
AE21: ='Raw data & Hourly Summary'!CC132 -> 634 | AI21: AM Peak | AK21: (Vol) | AM21: ='Raw data & Hourly Summary'!CO139 -> 3 | AO21: ='Raw data & Hourly Summary'!CN139 -> 21 | AQ21: ='Raw data & Hourly Summary'!CM139 -> 254 | AS21: ='Raw data & Hourly Summary'!CL139 -> 172 | AU21: ='Raw data & Hourly Summary'!CK139 -> 42 | AW21: ='Raw data & Hourly Summary'!CB132 -> 492
J22: ='Raw data & Hourly Summary'!S3 -> Wingate St | AE22: =IF(AE21=0,0,AE21/'Raw data & Hourly Summary'!CC134) -> 0.33651805 | AK22: (%C) | AM22: =IF(AM21=0,0,AM21/$AW$21) -> 0.006097561 | AO22: =IF(AO21=0,0,AO21/$AW$21) -> 0.042682927 | AQ22: =IF(AQ21=0,0,AQ21/$AW$21) -> 0.51626016 | AS22: =IF(AS21=0,0,AS21/$AW$21) -> 0.3495935 | AU22: =IF(AU21=0,0,AU21/$AW$21) -> 0.085365854 | AW22: =IF(AW21=0,0,AW21/'Raw data & Hourly Summary'!CB134) -> 0.36881559 | BR22: ='Raw data & Hourly Summary'!AA3 -> St Jude St
M24: Total | P24: ='Raw data & Hourly Summary'!CD131 -> 437 | AE24: ='Raw data & Hourly Summary'!CC133 -> 529 | AI24: PM Peak | AK24: (Vol) | AM24: ='Raw data & Hourly Summary'!CO140 -> 9 | AO24: ='Raw data & Hourly Summary'!CN140 -> 41 | AQ24: ='Raw data & Hourly Summary'!CM140 -> 366 | AS24: ='Raw data & Hourly Summary'!CL140 -> 238 | AU24: ='Raw data & Hourly Summary'!CK140 -> 33 | AW24: ='Raw data & Hourly Summary'!CB133 -> 687 | BL24: ='Raw data & Hourly Summary'!CA131 -> 1632 | BO24: Total
M25: Out | P25: =IF(P24=0,0,P24/IF(COUNTA('Raw data & Hourly Summary'!$BQ$139:$BQ$152)>='Raw data & Hourly Summary'!$BQ$128,'Raw data & Hourly Summary'!CD134,'Raw data & Hourly Summary'!CD135)) -> 1 | AE25: =IF(AE24=0,0,AE24/'Raw data & Hourly Summary'!CC135) -> 0.26582915 | AK25: (%C) | AM25: =IF(AM24=0,0,AM24/$AW$24) -> 0.013100437 | AO25: =IF(AO24=0,0,AO24/$AW$24) -> 0.059679767 | AQ25: =IF(AQ24=0,0,AQ24/$AW$24) -> 0.53275109 | AS25: =IF(AS24=0,0,AS24/$AW$24) -> 0.34643377 | AU25: =IF(AU24=0,0,AU24/$AW$24) -> 0.048034934 | AW25: =IF(AW24=0,0,AW24/'Raw data & Hourly Summary'!CB135) -> 0.2670035 | BL25: =IF(BL24=0,0,BL24/IF(COUNTA('Raw data & Hourly Summary'!$BQ$139:$BQ$152)>='Raw data & Hourly Summary'!$BQ$128,'Raw data & Hourly Summary'!CA134,'Raw data & Hourly Summary'!CA135)) -> 1 | BO25: In
P27: ='Raw data & Hourly Summary'!CP128 -> 139 | S27: ='Raw data & Hourly Summary'!CD132 -> 125 | U27: ='Raw data & Hourly Summary'!CD133 -> 126 | BG27: ='Raw data & Hourly Summary'!CA132 -> 608 | BI27: ='Raw data & Hourly Summary'!CA133 -> 430
P28: =IF(P27=0,0,P27/$P$24) -> 0.3180778 | S28: =IF(S27=0,0,S27/'Raw data & Hourly Summary'!CD134) -> 0.29691211 | U28: =IF(U27=0,0,U27/'Raw data & Hourly Summary'!CD135) -> 0.28832952 | BG28: =IF(BG27=0,0,BG27/'Raw data & Hourly Summary'!CA134) -> 0.24407868 | BI28: =IF(BI27=0,0,BI27/'Raw data & Hourly Summary'!CA135) -> 0.26348039
P30: ='Raw data & Hourly Summary'!CQ128 -> 80 | S30: ='Raw data & Hourly Summary'!CP139 -> 50 | U30: ='Raw data & Hourly Summary'!CP140 -> 36 | Y30: 17 | AM30: 16U | AO30: 16 | AQ30: 15 | AS30: 14 | AU30: 13 | BG30: AM Peak | BI30: PM Peak
P31: =IF(P30=0,0,P30/$P$24) -> 0.18306636 | S31: =IF(S30=0,0,S30/$S$27) -> 0.4 | U31: =IF(U30=0,0,U30/$U$27) -> 0.28571429
P33: ='Raw data & Hourly Summary'!CR128 -> 107 | S33: ='Raw data & Hourly Summary'!CQ139 -> 35 | U33: ='Raw data & Hourly Summary'!CQ140 -> 20 | Y33: 18 | BG33: (Vol) | BI33: (Vol) | BL33: ='Raw data & Hourly Summary'!CJ128 -> 10
P34: =IF(P33=0,0,P33/$P$24) -> 0.24485126 | S34: =IF(S33=0,0,S33/$S$27) -> 0.28 | U34: =IF(U33=0,0,U33/$U$27) -> 0.15873016 | BG34: (%C) | BI34: (%C) | BL34: =IF(BL33=0,0,BL33/$BL$48) -> 0.003742515
P36: ='Raw data & Hourly Summary'!CS128 -> 110 | S36: ='Raw data & Hourly Summary'!CR139 -> 24 | U36: ='Raw data & Hourly Summary'!CR140 -> 37 | Y36: 19 | BC36: 12U | BG36: ='Raw data & Hourly Summary'!CJ139 -> 2 | BI36: ='Raw data & Hourly Summary'!CJ140 -> 5 | BL36: ='Raw data & Hourly Summary'!CI128 -> 156
P37: =IF(P36=0,0,P36/$P$24) -> 0.25171625 | S37: =IF(S36=0,0,S36/$S$27) -> 0.192 | U37: =IF(U36=0,0,U36/$U$27) -> 0.29365079 | BG37: =IF(BG36=0,0,BG36/$BG$51) -> 0.0046296296 | BI37: =IF(BI36=0,0,BI36/$BI$51) -> 0.0065359477 | BL37: =IF(BL36=0,0,BL36/$BL$48) -> 0.058383234
P39: ='Raw data & Hourly Summary'!CT128 -> 1 | S39: ='Raw data & Hourly Summary'!CS139 -> 16 | U39: ='Raw data & Hourly Summary'!CS140 -> 33 | Y39: 20 | BC39: 12 | BG39: ='Raw data & Hourly Summary'!CI139 -> 59 | BI39: ='Raw data & Hourly Summary'!CI140 -> 46 | BL39: ='Raw data & Hourly Summary'!CH128 -> 123
P40: =IF(P39=0,0,P39/$P$24) -> 0.0022883295 | S40: =IF(S39=0,0,S39/$S$27) -> 0.128 | U40: =IF(U39=0,0,U39/$U$27) -> 0.26190476 | AJ40: AM Peak | AN40: ='Peak Hr Summary'!B16 -> 0.34375001 | AQ40: to | AS40: =AN40+"1:00" -> 0.38541667 | BG40: =IF(BG39=0,0,BG39/$BG$51) -> 0.13657407 | BI40: =IF(BI39=0,0,BI39/$BI$51) -> 0.060130719 | BL40: =IF(BL39=0,0,BL39/$BL$48) -> 0.046032934
S42: ='Raw data & Hourly Summary'!CT139 -> 0 | U42: ='Raw data & Hourly Summary'!CT140 -> 0 | Y42: 20U | AJ42: PM Peak | AN42: ='Peak Hr Summary'!B17 -> 0.67708334 | AQ42: to | AS42: =AN42+"1:00" -> 0.71875001 | BC42: 11 | BG42: ='Raw data & Hourly Summary'!CH139 -> 11 | BI42: ='Raw data & Hourly Summary'!CH140 -> 31 | BL42: ='Raw data & Hourly Summary'!CG128 -> 2071
S43: =IF(S42=0,0,S42/$S$27) -> 0 | U43: =IF(U42=0,0,U42/$U$27) -> 0 | BG43: =IF(BG42=0,0,BG42/$BG$51) -> 0.025462963 | BI43: =IF(BI42=0,0,BI42/$BI$51) -> 0.040522876 | BL43: =IF(BL42=0,0,BL42/$BL$48) -> 0.77507485
S45: AM Peak | U45: PM Peak | BC45: 10 | BG45: ='Raw data & Hourly Summary'!CG139 -> 308 | BI45: ='Raw data & Hourly Summary'!CG140 -> 598 | BL45: ='Raw data & Hourly Summary'!CF128 -> 312
BG46: =IF(BG45=0,0,BG45/$BG$51) -> 0.71296296 | BI46: =IF(BI45=0,0,BI45/$BI$51) -> 0.78169935 | BL46: =IF(BL45=0,0,BL45/$BL$48) -> 0.11676647
M48: Total | P48: ='Raw data & Hourly Summary'!CE131 -> 498 | S48: (Vol) | U48: (Vol) | BC48: 9 | BG48: ='Raw data & Hourly Summary'!CF139 -> 52 | BI48: ='Raw data & Hourly Summary'!CF140 -> 85 | BL48: ='Raw data & Hourly Summary'!BZ131 -> 2672 | BO48: Total
M49: In | P49: =IF(P48=0,0,P48/IF(COUNTA('Raw data & Hourly Summary'!$BQ$139:$BQ$152)>='Raw data & Hourly Summary'!$BQ$128,'Raw data & Hourly Summary'!CE134,'Raw data & Hourly Summary'!CE135)) -> 1 | S49: (%C) | U49: (%C) | BG49: =IF(BG48=0,0,BG48/$BG$51) -> 0.12037037 | BI49: =IF(BI48=0,0,BI48/$BI$51) -> 0.11111111 | BL49: =IF(BL48=0,0,BL48/IF(COUNTA('Raw data & Hourly Summary'!$BQ$139:$BQ$152)>='Raw data & Hourly Summary'!$BQ$128,'Raw data & Hourly Summary'!BZ134,'Raw data & Hourly Summary'!BZ135)) -> 1 | BO49: Out
S51: ='Raw data & Hourly Summary'!CE132 -> 58 | U51: ='Raw data & Hourly Summary'!CE133 -> 131 | BG51: ='Raw data & Hourly Summary'!BZ132 -> 432 | BI51: ='Raw data & Hourly Summary'!BZ133 -> 765
S52: =IF(S51=0,0,S51/'Raw data & Hourly Summary'!CE134) -> 0.40277778 | U52: =IF(U51=0,0,U51/'Raw data & Hourly Summary'!CE135) -> 0.26305221 | BG52: =IF(BG51=0,0,BG51/'Raw data & Hourly Summary'!BZ134) -> 0.38297872 | BI52: =IF(BI51=0,0,BI51/'Raw data & Hourly Summary'!BZ135) -> 0.2863024
W56: 1 | Y56: 2 | AA56: 3 | AC56: 4 | AE56: 4U | AS56: 5 | AU56: 6 | AW56: 7 | AY56: 8 | BA56: 8U
U61: ='Raw data & Hourly Summary'!BV132 -> 703 | W61: ='Raw data & Hourly Summary'!BV139 -> 3 | Y61: ='Raw data & Hourly Summary'!BW139 -> 215 | AA61: ='Raw data & Hourly Summary'!BX139 -> 413 | AC61: ='Raw data & Hourly Summary'!BY139 -> 70 | AE61: ='Raw data & Hourly Summary'!BZ139 -> 2 | AG61: AM Peak | AI61: (Vol) | AK61: ='Raw data & Hourly Summary'!BW132 -> 645 | AQ61: ='Raw data & Hourly Summary'!BX132 -> 513 | AS61: ='Raw data & Hourly Summary'!CA139 -> 65 | AU61: ='Raw data & Hourly Summary'!CB139 -> 23 | AW61: ='Raw data & Hourly Summary'!CC139 -> 307 | AY61: ='Raw data & Hourly Summary'!CD139 -> 116 | BA61: ='Raw data & Hourly Summary'!CE139 -> 2 | BC61: AM Peak | BE61: (Vol) | BG61: ='Raw data & Hourly Summary'!BY132 -> 320
U62: =IF(U61=0,0,U61/'Raw data & Hourly Summary'!BV134) -> 0.24174691 | W62: =IF(W61=0,0,W61/$U$61) -> 0.0042674253 | Y62: =IF(Y61=0,0,Y61/$U$61) -> 0.30583215 | AA62: =IF(AA61=0,0,AA61/$U$61) -> 0.58748222 | AC62: =IF(AC61=0,0,AC61/$U$61) -> 0.099573257 | AE62: =IF(AE61=0,0,AE61/$U$61) -> 0.0028449502 | AI62: (%C) | AK62: =IF(AK61=0,0,AK61/'Raw data & Hourly Summary'!BW134) -> 0.37068966 | AQ62: =IF(AQ61=0,0,AQ61/'Raw data & Hourly Summary'!BX134) -> 0.37831858 | AS62: =IF(AS61=0,0,AS61/$AQ$61) -> 0.12670565 | AU62: =IF(AU61=0,0,AU61/$AQ$61) -> 0.044834308 | AW62: =IF(AW61=0,0,AW61/$AQ$61) -> 0.59844055 | AY62: =IF(AY61=0,0,AY61/$AQ$61) -> 0.22612086 | BA62: =IF(BA61=0,0,BA61/$AQ$61) -> 0.0038986355 | BE62: (%C) | BG62: =IF(BG61=0,0,BG61/'Raw data & Hourly Summary'!BY134) -> 0.36036036
U64: ='Raw data & Hourly Summary'!BV133 -> 757 | W64: ='Raw data & Hourly Summary'!BV140 -> 24 | Y64: ='Raw data & Hourly Summary'!BW140 -> 288 | AA64: ='Raw data & Hourly Summary'!BX140 -> 330 | AC64: ='Raw data & Hourly Summary'!BY140 -> 103 | AE64: ='Raw data & Hourly Summary'!BZ140 -> 12 | AG64: PM Peak | AI64: (Vol) | AK64: ='Raw data & Hourly Summary'!BW133 -> 1108 | AQ64: ='Raw data & Hourly Summary'!BX133 -> 330 | AS64: ='Raw data & Hourly Summary'!CA140 -> 99 | AU64: ='Raw data & Hourly Summary'!CB140 -> 35 | AW64: ='Raw data & Hourly Summary'!CC140 -> 150 | AY64: ='Raw data & Hourly Summary'!CD140 -> 42 | BA64: ='Raw data & Hourly Summary'!CE140 -> 4 | BC64: PM Peak | BE64: (Vol) | BG64: ='Raw data & Hourly Summary'!BY133 -> 467
U65: =IF(U64=0,0,U64/'Raw data & Hourly Summary'!BV135) -> 0.27161823 | W65: =IF(W64=0,0,W64/$U$64) -> 0.031704095 | Y65: =IF(Y64=0,0,Y64/$U$64) -> 0.38044914 | AA65: =IF(AA64=0,0,AA64/$U$64) -> 0.43593131 | AC65: =IF(AC64=0,0,AC64/$U$64) -> 0.13606341 | AE65: =IF(AE64=0,0,AE64/$U$64) -> 0.015852048 | AI65: (%C) | AK65: =IF(AK64=0,0,AK64/'Raw data & Hourly Summary'!BW135) -> 0.28556701 | AQ65: =IF(AQ64=0,0,AQ64/'Raw data & Hourly Summary'!BX135) -> 0.25248661 | AS65: =IF(AS64=0,0,AS64/$AQ$64) -> 0.3 | AU65: =IF(AU64=0,0,AU64/$AQ$64) -> 0.10606061 | AW65: =IF(AW64=0,0,AW64/$AQ$64) -> 0.45454545 | AY65: =IF(AY64=0,0,AY64/$AQ$64) -> 0.12727273 | BA65: =IF(BA64=0,0,BA64/$AQ$64) -> 0.012121212 | BE65: (%C) | BG65: =IF(BG64=0,0,BG64/'Raw data & Hourly Summary'!BY135) -> 0.26295045
S68: ='Raw data & Hourly Summary'!BV131 -> 2787 | U68: ='Raw data & Hourly Summary'!BV128 -> 67 | W68: ='Raw data & Hourly Summary'!BW128 -> 1034 | Y68: ='Raw data & Hourly Summary'!BX128 -> 1211 | AA68: ='Raw data & Hourly Summary'!BY128 -> 436 | AC68: ='Raw data & Hourly Summary'!BZ128 -> 39 | AE68: Selected | AI68: ='Raw data & Hourly Summary'!BW131 -> 3880 | AS68: ='Raw data & Hourly Summary'!BX131 -> 1307 | AU68: ='Raw data & Hourly Summary'!CA128 -> 344 | AW68: ='Raw data & Hourly Summary'!CB128 -> 144 | AY68: ='Raw data & Hourly Summary'!CC128 -> 619 | BA68: ='Raw data & Hourly Summary'!CD128 -> 182 | BC68: ='Raw data & Hourly Summary'!CE128 -> 18 | BI68: ='Raw data & Hourly Summary'!BY131 -> 1776
S69: =IF(S68=0,0,S68/IF(COUNTA('Raw data & Hourly Summary'!$BQ$139:$BQ$152)>='Raw data & Hourly Summary'!$BQ$128,'Raw data & Hourly Summary'!BV134,'Raw data & Hourly Summary'!BV135)) -> 1 | U69: =IF(U68=0,0,U68/$S$68) -> 0.024040187 | W69: =IF(W68=0,0,W68/$S$68) -> 0.37100825 | Y69: =IF(Y68=0,0,Y68/$S$68) -> 0.4345174 | AA69: =IF(AA68=0,0,AA68/$S$68) -> 0.15644062 | AC69: =IF(AC68=0,0,AC68/$S$68) -> 0.013993541 | AE69: Hour & Vehicle Type | AI69: =IF(AI68=0,0,AI68/IF(COUNTA('Raw data & Hourly Summary'!$BQ$139:$BQ$152)>='Raw data & Hourly Summary'!$BQ$128,'Raw data & Hourly Summary'!BW134,'Raw data & Hourly Summary'!BW135)) -> 1 | AS69: =IF(AS68=0,0,AS68/IF(COUNTA('Raw data & Hourly Summary'!$BQ$139:$BQ$152)>='Raw data & Hourly Summary'!$BQ$128,'Raw data & Hourly Summary'!BX134,'Raw data & Hourly Summary'!BX135)) -> 1 | AU69: =IF(AU68=0,0,AU68/$AS$68) -> 0.26319816 | AW69: =IF(AW68=0,0,AW68/$AS$68) -> 0.11017598 | AY69: =IF(AY68=0,0,AY68/$AS$68) -> 0.47360367 | BA69: =IF(BA68=0,0,BA68/$AS$68) -> 0.13925019 | BC69: =IF(BC68=0,0,BC68/$AS$68) -> 0.013771997 | BI69: =IF(BI68=0,0,BI68/IF(COUNTA('Raw data & Hourly Summary'!$BQ$139:$BQ$152)>='Raw data & Hourly Summary'!$BQ$128,'Raw data & Hourly Summary'!BY134,'Raw data & Hourly Summary'!BY135)) -> 1
S71: Total | AI71: Total | AS71: Total | BI71: Total
S72: Out | AI72: In | AS72: Out | BI72: In
P74: ='Raw data & Hourly Summary'!S12 -> Great N Rd | AU74: ='Raw data & Hourly Summary'!X12 -> St Georges Rd
